-- phpMyAdmin SQL Dump
-- version 5.2.0
-- https://www.phpmyadmin.net/
--
-- Host: 127.0.0.1
-- Generation Time: Jun 11, 2023 at 09:08 PM
-- Server version: 10.4.27-MariaDB
-- PHP Version: 8.2.0

SET SQL_MODE = "NO_AUTO_VALUE_ON_ZERO";
START TRANSACTION;
SET time_zone = "+00:00";


/*!40101 SET @OLD_CHARACTER_SET_CLIENT=@@CHARACTER_SET_CLIENT */;
/*!40101 SET @OLD_CHARACTER_SET_RESULTS=@@CHARACTER_SET_RESULTS */;
/*!40101 SET @OLD_COLLATION_CONNECTION=@@COLLATION_CONNECTION */;
/*!40101 SET NAMES utf8mb4 */;

--
-- Database: `miracle`
--

-- --------------------------------------------------------

--
-- Table structure for table `accounts`
--

CREATE TABLE `accounts` (
  `account_id` int(11) NOT NULL,
  `account_name` varchar(255) DEFAULT NULL,
  `account_email` varchar(255) DEFAULT NULL,
  `account_password` varchar(255) DEFAULT NULL,
  `account_phone` varchar(255) DEFAULT NULL,
  `account_avatar` varchar(255) DEFAULT NULL,
  `account_level` varchar(255) DEFAULT NULL
) ENGINE=InnoDB DEFAULT CHARSET=utf8mb4 COLLATE=utf8mb4_general_ci;

--
-- Dumping data for table `accounts`
--

INSERT INTO `accounts` (`account_id`, `account_name`, `account_email`, `account_password`, `account_phone`, `account_avatar`, `account_level`) VALUES
(1, 'Miracle Company', 'miracle@company.id', '123', '155-214-1771', '1_Miracle_Company.jpg', ''),
(2, 'Hamba Allah', 'ngreggersen1@narod.ru', 'zADe5sc', '812-341-4848', 'placeholder.png', 'anonymous'),
(3, 'Fahri', 'fahri@gmail.com', '123', '843-240-2476', 'placeholder.png', 'fundraiser'),
(4, 'Rosa', 'rosa@gmail.com', '123', '872-923-6540', 'placeholder.png', 'fundraiser'),
(5, 'Dete', 'dete@gmail.com', '123', '385-323-7651', '5_Dete.jpg', 'admin'),
(6, 'Reagen Udey', 'rudey5@zdnet.com', 'v6dR8HdrH0', '595-539-2378', 'placeholder.png', 'fundraiser'),
(7, 'Hammad Barhams', 'hbarhams6@state.gov', '0gEOaLD', '550-464-8013', 'placeholder.png', 'fundraiser'),
(8, 'Delmore Masic', 'dmasic7@google.co.uk', 'AtL1l0', '230-200-2455', 'placeholder.png', 'fundraiser'),
(9, 'Agnola Buscher', 'abuscher8@ovh.net', 'RHvYtDjc', '799-244-7119', 'placeholder.png', 'fundraiser'),
(10, 'Carson Kurth', 'ckurth9@posterous.com', 'rFZgychMadc7', '204-552-3016', 'placeholder.png', 'fundraiser'),
(11, 'Helenka MacKartan', 'hmackartana@eepurl.com', 'IJOXlmoN334', '135-973-3020', 'placeholder.png', 'fundraiser'),
(12, 'Stearn Crookes', 'scrookesb@youtube.com', 'alh1n0', '374-138-3907', 'placeholder.png', 'fundraiser'),
(13, 'Corinna Schermick', 'cschermickc@senate.gov', 'GqKCkJKR', '320-352-7615', 'placeholder.png', 'fundraiser'),
(14, 'Mallissa Isselee', 'misseleed@apple.com', '4C5MxotX3', '847-369-3321', 'placeholder.png', 'fundraiser'),
(15, 'Danyelle Sloy', 'dsloye@nps.gov', '38N4LG', '508-588-1504', 'placeholder.png', 'fundraiser'),
(16, 'Natividad Peirone', 'npeironef@nasa.gov', 'EG8eFSt1La1', '377-663-4048', 'placeholder.png', 'fundraiser'),
(17, 'Helaine Slessar', 'hslessarg@usnews.com', 'hudRng1Z', '608-378-4830', 'placeholder.png', 'fundraiser'),
(18, 'Gabbie Denniston', 'gdennistonh@nhs.uk', '8oMgwn', '985-300-7987', 'placeholder.png', 'fundraiser'),
(19, 'Urson Schall', 'uschalli@ocn.ne.jp', 'fY4ykh5H9aGy', '555-858-0254', 'placeholder.png', 'fundraiser'),
(20, 'Aaron Dand', 'ssss@hugedomains.com', '123', '487-550-5978', '20_Aaron_Dand.JPG', 'deactive'),
(21, 'Clarette Channing', 'cchanningk@moonfruit.com', 'RigeKN9sm3', '816-989-3207', 'placeholder.png', 'fundraiser'),
(22, 'Ives Beet', 'ibeetl@indiatimes.com', 'aaXhDehq2LU', '615-723-1992', 'placeholder.png', 'fundraiser'),
(23, 'Matthieu O\'Brogane', 'mobroganem@feedburner.com', '3HsS8ysWTiz1', '748-723-9765', 'placeholder.png', 'fundraiser'),
(24, 'Hanan Roobottom', 'hroobottomn@netscape.com', 'vVuYFQ5', '396-942-3889', 'placeholder.png', 'fundraiser'),
(25, 'Andria Vieyra', 'avieyrao@godaddy.com', '4I9RSXe', '375-986-3952', 'placeholder.png', 'fundraiser'),
(26, 'Branden Kreutzer', 'bkreutzerp@tinyurl.com', '4oZsq9v', '100-158-0208', 'placeholder.png', 'fundraiser'),
(27, 'Etti Reville', 'erevilleq@mashable.com', 'k8201g1C', '825-147-9098', 'placeholder.png', 'fundraiser'),
(28, 'Brigitte O\'Gleasane', 'bogleasaner@ed.gov', '07YYnIYLyG', '345-517-4667', 'placeholder.png', 'fundraiser'),
(29, 'Alexandro Gurley', 'agurleys@elegantthemes.com', 'ZVci0TzaVBvh', '368-447-9889', 'placeholder.png', 'fundraiser'),
(30, 'Kean Kettridge', 'kkettridget@histats.com', 'SDgtZRpl', '889-941-2026', 'placeholder.png', 'fundraiser'),
(31, 'Carissa Woolham', 'cwoolhamu@aol.com', 'ujK0xuVRL4Af', '855-309-4452', 'placeholder.png', 'fundraiser'),
(32, 'Alfredo Tinsley', 'atinsleyv@ebay.com', 'jDRZNVGB1P', '961-445-1378', 'placeholder.png', 'fundraiser'),
(33, 'Wells Tart', 'wtartw@google.cn', 'dhSbd9o', '195-607-2014', 'placeholder.png', 'fundraiser'),
(34, 'Erda Salomon', 'esalomonx@shop-pro.jp', 'nFmzcYRy', '271-961-4675', 'placeholder.png', 'fundraiser'),
(35, 'Lynna Fealy', 'lfealyy@sbwire.com', 'dK7bHkFN', '706-574-2882', 'placeholder.png', 'fundraiser'),
(36, 'Neel Rawdales', 'nrawdalesz@dedecms.com', 'UzO71Ii', '509-770-3899', 'placeholder.png', 'fundraiser'),
(37, 'Kenton Karpushkin', 'kkarpushkin10@mediafire.com', 'izGpLWS', '750-687-9960', 'placeholder.png', 'fundraiser'),
(38, 'Aryn Rableau', 'arableau11@ezinearticles.com', '64LwVt65g', '942-850-3382', 'placeholder.png', 'fundraiser'),
(39, 'Dorolice Kiellor', 'dkiellor12@cmu.edu', 'wdn6jTaVyG1i', '201-308-4825', 'placeholder.png', 'fundraiser'),
(40, 'Galina Tight', 'gtight13@friendfeed.com', '6l1lkUvJQlE', '863-748-0718', 'placeholder.png', 'fundraiser'),
(41, 'Neils Giacomuzzi', 'ngiacomuzzi14@google.co.jp', 'PJjxAC', '253-434-8755', 'placeholder.png', 'fundraiser'),
(42, 'Petunia Phoebe', 'pphoebe15@icq.com', 'maq4aan7D5', '659-616-4800', 'placeholder.png', 'fundraiser'),
(43, 'Brittany Askwith', 'baskwith16@geocities.com', 'FfwiBR', '857-888-3636', 'placeholder.png', 'fundraiser'),
(44, 'Ellis Sycamore', 'esycamore17@nature.com', 'cZnRryVFce7j', '546-522-7219', 'placeholder.png', 'fundraiser'),
(45, 'Graham Wayman', 'gwayman18@jigsy.com', 'umDjcB8KECp', '555-575-3206', 'placeholder.png', 'fundraiser'),
(46, 'Paul Sanbroke', 'psanbroke19@printfriendly.com', 'y9qEjx4z', '652-660-3809', 'placeholder.png', 'fundraiser'),
(47, 'David Gosart', 'dgosart1a@omniture.com', 'oXlu26QCtZo', '472-627-6885', 'placeholder.png', 'fundraiser'),
(48, 'Susan Trett', 'strett1b@tumblr.com', 'f062AAlycU', '899-959-4708', 'placeholder.png', 'fundraiser'),
(49, 'Sholom Schimon', 'sschimon1c@imgur.com', 'bF40KG7', '231-921-2183', 'placeholder.png', 'fundraiser'),
(50, 'Jilly Hollidge', 'jhollidge1d@bloglines.com', 'LXycnGu5w', '562-814-6140', 'placeholder.png', 'fundraiser'),
(51, 'Codi Belli', 'cbelli1e@t-online.de', 'yrWBwGxH', '638-484-6750', 'placeholder.png', 'fundraiser'),
(52, 'Marcos Henkmann', 'mhenkmann1f@icio.us', '52AclOq2', '779-768-8918', 'placeholder.png', 'fundraiser'),
(53, 'Reed Joutapavicius', 'rjoutapavicius1g@nbcnews.com', 'j7vuG0HMNeL', '855-329-2995', 'placeholder.png', 'fundraiser'),
(54, 'Bald Wellington', 'bwellington1h@bravesites.com', 'ZkRxX2jYt', '944-983-8706', 'placeholder.png', 'fundraiser'),
(55, 'Jobey David', 'jdavid1i@intel.com', 'dNzT8hHqC7', '502-311-0232', 'placeholder.png', 'fundraiser'),
(56, 'Anderea Thieme', 'athieme1j@51.la', 'BiNW5xh4dHN', '275-979-7963', 'placeholder.png', 'fundraiser'),
(57, 'Maxy Provost', 'mprovost1k@epa.gov', 'FN9cch1gl', '876-903-6863', 'placeholder.png', 'fundraiser'),
(58, 'Hobey Bea', 'hbea1l@miibeian.gov.cn', 'TGdXBWhj8s0', '860-133-1685', 'placeholder.png', 'fundraiser'),
(59, 'Blythe MacFadzean', 'bmacfadzean1m@pagesperso-orange.fr', 'Q9VnY4I', '978-500-9044', 'placeholder.png', 'fundraiser'),
(60, 'Michaela Fullick', 'mfullick1n@bandcamp.com', '2u5M8dU1', '822-886-9635', 'placeholder.png', 'fundraiser'),
(61, 'Hercules Ortner', 'hortner1o@elpais.com', 'TXRerc', '887-579-8943', 'placeholder.png', 'fundraiser'),
(62, 'Deni Nardoni', 'dnardoni1p@trellian.com', 'zCW6EM', '979-818-6183', 'placeholder.png', 'fundraiser'),
(63, 'Jarib Masterton', 'jmasterton1q@columbia.edu', '8LPWXKK2p', '827-266-5024', 'placeholder.png', 'fundraiser'),
(64, 'Rhoda Pattlel', 'rpattlel1r@princeton.edu', 'TUuSDxUclx', '589-535-4005', 'placeholder.png', 'fundraiser'),
(65, 'Bronny Mawford', 'bmawford1s@npr.org', 'GVqGTwI4j3', '375-335-8787', 'placeholder.png', 'fundraiser'),
(66, 'Frederik Hall', 'fhall1t@list-manage.com', 'Bour1Opq3C', '264-813-0321', 'placeholder.png', 'fundraiser'),
(67, 'Jim Ornillos', 'jornillos1u@netlog.com', 'WVmt4p5JC', '491-583-7897', 'placeholder.png', 'fundraiser'),
(68, 'Reece Coulthard', 'rcoulthard1v@bluehost.com', 'cpZK4NwIyWZ', '522-936-0797', 'placeholder.png', 'fundraiser'),
(69, 'Anestassia Count', 'acount1w@furl.net', 'ZOFlNnuKd', '261-338-6798', 'placeholder.png', 'fundraiser'),
(70, 'Eduard Woolley', 'ewoolley1x@google.com.hk', 'Flq2SwDX', '849-242-4759', 'placeholder.png', 'fundraiser'),
(71, 'Gladys Checchetelli', 'gchecchetelli1y@wufoo.com', 'C0UPM8cBOSgk', '183-218-1144', 'placeholder.png', 'fundraiser'),
(72, 'Clarine Deakin', 'cdeakin1z@redcross.org', 'BHkNC3eqtr1q', '936-980-7696', 'placeholder.png', 'fundraiser'),
(73, 'Obadias Adamowitz', 'oadamowitz20@multiply.com', 'PGRRDM4', '510-190-7884', 'placeholder.png', 'fundraiser'),
(74, 'Alyosha Hoofe', 'ahoofe21@mit.edu', '7F3Mtn', '842-201-2840', 'placeholder.png', 'fundraiser'),
(75, 'Gabi Slainey', 'gslainey22@blogger.com', 'V1ZevB3C', '550-633-2768', 'placeholder.png', 'fundraiser'),
(76, 'Alister Aucott', 'aaucott23@ameblo.jp', 'j1891p9Npd', '870-169-5853', 'placeholder.png', 'fundraiser'),
(77, 'Pavia Joscelyne', 'pjoscelyne24@i2i.jp', 'nB8tV3tP', '304-242-7731', 'placeholder.png', 'fundraiser'),
(78, 'Janenna Iacovolo', 'jiacovolo25@google.es', 'EenvqF2n97dU', '632-895-6450', 'placeholder.png', 'fundraiser'),
(79, 'Rogerio Hakewell', 'rhakewell26@adobe.com', 'Y9T0FGl6TkTp', '630-801-8689', 'placeholder.png', 'fundraiser'),
(80, 'Elysia Creffeild', 'ecreffeild27@independent.co.uk', 'k6dJIuMha', '670-746-5438', 'placeholder.png', 'fundraiser'),
(81, 'Somerset Jellings', 'sjellings28@columbia.edu', 'd0iyyEs', '495-810-4129', 'placeholder.png', 'fundraiser'),
(82, 'Manuel Lorent', 'mlorent29@e-recht24.de', 'P8y0VIGIv', '328-267-0198', 'placeholder.png', 'fundraiser'),
(83, 'Tynan Bellefonte', 'tbellefonte2a@free.fr', 'fNWjniTS', '571-868-1669', 'placeholder.png', 'fundraiser'),
(84, 'Diena Bowry', 'dbowry2b@elegantthemes.com', 't4Ap5YwlV', '351-314-6617', 'placeholder.png', 'fundraiser'),
(85, 'Mariam Stelle', 'mstelle2c@state.gov', 'yjw0dxnh', '933-843-7627', 'placeholder.png', 'fundraiser'),
(86, 'Cornell Gilstoun', 'cgilstoun2d@soundcloud.com', 'HxWwqf', '269-757-9894', 'placeholder.png', 'fundraiser'),
(87, 'Dominique Livezey', 'dlivezey2e@ehow.com', 'AhLTaud', '405-526-2615', 'placeholder.png', 'fundraiser'),
(88, 'Lezlie Calan', 'lcalan2f@wiley.com', '2fkCuQUBv', '599-776-9391', 'placeholder.png', 'fundraiser'),
(89, 'Remy Brecon', 'rbrecon2g@themeforest.net', 'kDbQl9ConpI', '965-422-5780', 'placeholder.png', 'fundraiser'),
(90, 'Adria Fender', 'afender2h@shinystat.com', '2Wmzrtk1M', '673-853-2146', 'placeholder.png', 'fundraiser'),
(91, 'Marja Fontelles', 'mfontelles2i@deliciousdays.com', 'C0X6VF1', '688-877-5879', 'placeholder.png', 'fundraiser'),
(92, 'Bondon Gilberthorpe', 'bgilberthorpe2j@gravatar.com', 'MbkWAh4ZXrP', '477-895-9868', 'placeholder.png', 'fundraiser'),
(93, 'Taite Fawkes', 'tfawkes2k@hubpages.com', 'xnrIXsxeiWpg', '262-610-7110', 'placeholder.png', 'fundraiser'),
(94, 'Borg Learman', 'blearman2l@geocities.jp', 'cY2hiFHhWl', '582-164-3696', 'placeholder.png', 'fundraiser'),
(95, 'Bradford Tester', 'btester2m@nifty.com', 'fubxMa3Iyz', '934-293-8618', 'placeholder.png', 'fundraiser'),
(96, 'Brennan Heare', 'bheare2n@theglobeandmail.com', 'YWB3hmb1', '137-376-2895', 'placeholder.png', 'fundraiser'),
(97, 'Zorana Lyfield', 'zlyfield2o@icq.com', 'NHNQo16XrJ', '179-634-0694', 'placeholder.png', 'fundraiser'),
(98, 'Mil Zanussii', 'mzanussii2p@imgur.com', 'vc6Ths', '890-470-4731', 'placeholder.png', 'fundraiser'),
(99, 'Alica Lorinez', 'alorinez2q@ted.com', '3htJ6yo8', '965-297-8070', 'placeholder.png', 'fundraiser'),
(100, 'Bianka Witheford', 'bwitheford2r@imdb.com', 'BBDSUSDUL', '615-190-0961', 'placeholder.png', 'fundraiser'),
(101, 'Harry Schistl', 'hschistl2s@jiathis.com', 'o08UIhC', '622-907-7547', 'placeholder.png', 'fundraiser'),
(102, 'Audie Kilgour', 'akilgour2t@multiply.com', 'oGNNqqY', '895-298-3557', 'placeholder.png', 'fundraiser'),
(103, 'Nollie Zoanetti', 'nzoanetti2u@163.com', 'qlrLhMkO', '692-389-8241', 'placeholder.png', 'fundraiser'),
(104, 'Kary Tremathack', 'ktremathack2v@tuttocitta.it', 'qhDUXzTv7', '724-652-2343', 'placeholder.png', 'fundraiser'),
(105, 'Bourke Rominov', 'brominov2w@rediff.com', 'NE2E1v', '757-346-4296', 'placeholder.png', 'fundraiser'),
(106, 'Laryssa McKeeman', 'lmckeeman2x@friendfeed.com', 'oW6vaaIjuyLY', '656-285-9015', 'placeholder.png', 'fundraiser'),
(107, 'Adela Selwyne', 'aselwyne2y@prnewswire.com', '1Jn2Ru0', '393-689-5130', 'placeholder.png', 'fundraiser'),
(108, 'Nikolas Gobeau', 'ngobeau2z@bizjournals.com', '3WnAAuGuCuLl', '999-447-6089', 'placeholder.png', 'fundraiser'),
(109, 'Steffi Jenkin', 'sjenkin30@epa.gov', 'U5mEvX', '142-797-8845', 'placeholder.png', 'fundraiser'),
(110, 'Irv De Brett', 'ide31@unblog.fr', 'xKbGqQ0', '969-691-6052', 'placeholder.png', 'fundraiser'),
(111, 'Bale Greensmith', 'bgreensmith32@seattletimes.com', 'Sbya752', '882-575-9414', 'placeholder.png', 'fundraiser'),
(112, 'Patti Fincken', 'pfincken33@comcast.net', 'j5431Q', '254-809-6901', 'placeholder.png', 'fundraiser'),
(113, 'Bess Kierans', 'bkierans34@vinaora.com', 'jkRVd0oFI3k3', '570-804-4938', 'placeholder.png', 'fundraiser'),
(114, 'Faunie Emmanuel', 'femmanuel35@irs.gov', 'MwGT2fTl0w', '866-438-2525', 'placeholder.png', 'fundraiser'),
(115, 'Papagena Marklew', 'pmarklew36@tamu.edu', 'GM2wK8TLQ', '882-541-7278', 'placeholder.png', 'fundraiser'),
(116, 'Marybelle Gludor', 'mgludor37@msn.com', 'JG6hWtHt', '197-378-4388', 'placeholder.png', 'fundraiser'),
(117, 'Anstice Gerrard', 'agerrard38@ifeng.com', 'xilrVoL', '955-185-9336', 'placeholder.png', 'fundraiser'),
(118, 'Johnette Marns', 'jmarns39@cdc.gov', 'JZd3BYjNUsY', '680-450-1538', 'placeholder.png', 'fundraiser'),
(119, 'Chaunce Giabucci', 'cgiabucci3a@xing.com', '9GCOSt', '418-151-6918', 'placeholder.png', 'fundraiser'),
(120, 'Hal Cuningham', 'hcuningham3b@gizmodo.com', '6BfHTB', '135-499-4486', 'placeholder.png', 'fundraiser'),
(121, 'Charleen Erickssen', 'cerickssen3c@marketwatch.com', 'mzfdZyBGk3WQ', '353-210-1569', 'placeholder.png', 'fundraiser'),
(122, 'Dorian Audritt', 'daudritt3d@nationalgeographic.com', 'foYsDorZ', '845-150-9493', 'placeholder.png', 'fundraiser'),
(123, 'Tim Yirrell', 'tyirrell3e@zimbio.com', 'fMcMv1qD0Wnx', '892-813-3421', 'placeholder.png', 'fundraiser'),
(124, 'Doralynne Thiolier', 'dthiolier3f@addthis.com', 'F8nJh9xOXS1X', '580-750-1208', 'placeholder.png', 'fundraiser'),
(125, 'Parke Sarver', 'psarver3g@nature.com', 'RCgKAz', '590-282-8097', 'placeholder.png', 'fundraiser'),
(126, 'Christen Plevin', 'cplevin3h@dion.ne.jp', 'kBzpRL', '187-652-9140', 'placeholder.png', 'fundraiser'),
(127, 'Karylin Phillps', 'kphillps3i@exblog.jp', 'ZZb0fOIBp0B', '102-636-9871', 'placeholder.png', 'fundraiser'),
(128, 'Suki Boon', 'sboon3j@eventbrite.com', '8Tae18Skr', '411-766-2850', 'placeholder.png', 'fundraiser'),
(129, 'Benetta Dorman', 'bdorman3k@cisco.com', 'AnlsfCHXW8U', '237-341-3491', 'placeholder.png', 'fundraiser'),
(130, 'Archibold Priddy', 'apriddy3l@ucoz.ru', 'iJ6Nv9', '497-192-1079', 'placeholder.png', 'fundraiser'),
(131, 'Ranee Raoult', 'rraoult3m@plala.or.jp', 'h2Ndpa9E', '529-788-3469', 'placeholder.png', 'fundraiser'),
(132, 'Johnnie Handrok', 'jhandrok3n@china.com.cn', 'pSJwbPvNIxMB', '430-202-9595', 'placeholder.png', 'fundraiser'),
(133, 'Lynette Bagnold', 'lbagnold3o@studiopress.com', 'yQgTXmpVoD0', '546-496-6272', 'placeholder.png', 'fundraiser'),
(134, 'Nicoli Sutton', 'nsutton3p@sun.com', '7ErWYCNzygpC', '202-525-0547', 'placeholder.png', 'fundraiser'),
(135, 'Bidget Dottrell', 'bdottrell3q@google.ru', 'UTfYw6al5glC', '292-301-2105', 'placeholder.png', 'fundraiser'),
(136, 'Colette La Batie', 'cla3r@vistaprint.com', '54QUSKcoSYus', '539-864-5260', 'placeholder.png', 'fundraiser'),
(137, 'Desi Lightbourne', 'dlightbourne3s@virginia.edu', 'U4E9ifH', '119-262-2388', 'placeholder.png', 'fundraiser'),
(138, 'Sada McCullen', 'smccullen3t@amazon.com', 'Vp2ceOJyD', '661-401-5097', 'placeholder.png', 'fundraiser'),
(139, 'Tobiah Wearne', 'twearne3u@unc.edu', 'mjpAWxBV', '735-158-2347', 'placeholder.png', 'fundraiser'),
(140, 'Levon Shewon', 'lshewon3v@cnbc.com', 'apU1UXnOj', '389-157-1209', 'placeholder.png', 'fundraiser'),
(141, 'Hurleigh Thibodeaux', 'hthibodeaux3w@miibeian.gov.cn', 'bIiYpI34', '833-449-3127', 'placeholder.png', 'fundraiser'),
(142, 'Tomi Woodroffe', 'twoodroffe3x@de.vu', '8nwoS96v9EV', '539-603-9388', 'placeholder.png', 'fundraiser'),
(143, 'Marcus Yanuk', 'myanuk3y@scientificamerican.com', '1m4JelT', '128-714-8802', 'placeholder.png', 'fundraiser'),
(144, 'Shaylynn Staynes', 'sstaynes3z@mail.ru', 'tbbEkyFL', '514-592-7272', 'placeholder.png', 'fundraiser'),
(145, 'Dulcine Daber', 'ddaber40@slideshare.net', 'eXtnLbT', '901-758-3572', 'placeholder.png', 'fundraiser'),
(146, 'Ingrim Jamrowicz', 'ijamrowicz41@blogs.com', 'ub1wUN', '674-410-9285', 'placeholder.png', 'fundraiser'),
(147, 'Keven Penfold', 'kpenfold42@discuz.net', '5gGygaQgFDkX', '646-992-4017', 'placeholder.png', 'fundraiser'),
(148, 'Gayle Jonke', 'gjonke43@amazon.com', 'eTsscLbu3z', '869-420-3231', 'placeholder.png', 'fundraiser'),
(149, 'Gaylor Knibbs', 'gknibbs44@nydailynews.com', '6dh2ke', '379-444-6280', 'placeholder.png', 'fundraiser'),
(150, 'Ellette Booker', 'ebooker45@wix.com', 'dX8CG5O8', '828-847-0943', 'placeholder.png', 'fundraiser'),
(151, 'Marcille Caslin', 'mcaslin46@kickstarter.com', 'sY8bmUTVPw', '383-142-4285', 'placeholder.png', 'fundraiser'),
(152, 'Caroline Hirsthouse', 'chirsthouse47@washingtonpost.com', 'XFmW8i8', '953-818-8200', 'placeholder.png', 'fundraiser'),
(153, 'Cornall Barker', 'cbarker48@nih.gov', 'GLyHew', '533-793-9532', 'placeholder.png', 'fundraiser'),
(154, 'Antonina Sylett', 'asylett49@wired.com', 'ZRuOFkDkH', '366-238-7835', 'placeholder.png', 'fundraiser'),
(155, 'Onofredo Matthiae', 'omatthiae4a@usatoday.com', 'uGpo8dU4Y', '962-948-3071', 'placeholder.png', 'fundraiser'),
(156, 'Mariquilla O\'Lahy', 'molahy4b@gravatar.com', 'GvzWgeXBDu', '725-293-1181', 'placeholder.png', 'fundraiser'),
(157, 'Palmer Russi', 'prussi4c@taobao.com', 'GC8updq7e', '370-714-6306', 'placeholder.png', 'fundraiser'),
(158, 'Stacey Frosch', 'sfrosch4d@mail.ru', 'HSzNaSgEp', '269-525-7023', 'placeholder.png', 'fundraiser'),
(159, 'Pancho Graine', 'pgraine4e@about.me', 'QxP6QWcT', '511-926-9220', 'placeholder.png', 'fundraiser'),
(160, 'Fredrick Rodie', 'frodie4f@go.com', 'kFWAExxLpX8', '430-458-4043', 'placeholder.png', 'fundraiser'),
(161, 'Bettina Cabel', 'bcabel4g@fc2.com', 'ry1q7qf', '922-395-0617', 'placeholder.png', 'fundraiser'),
(162, 'Timmy Gould', 'tgould4h@youtu.be', 'JNjLhkN', '208-795-3101', 'placeholder.png', 'fundraiser'),
(163, 'Pammi Szepe', 'pszepe4i@amazonaws.com', 'O7jnLmU', '179-365-3174', 'placeholder.png', 'fundraiser'),
(164, 'Joell Fallens', 'jfallens4j@mozilla.org', 'v1NyZkqqPh', '964-386-5555', 'placeholder.png', 'fundraiser'),
(165, 'Elsey Longina', 'elongina4k@huffingtonpost.com', 'WMxKots2ff', '998-146-9823', 'placeholder.png', 'fundraiser'),
(166, 'Kissee Hodgin', 'khodgin4l@google.ru', 'NkOerIU3', '727-314-2358', 'placeholder.png', 'fundraiser'),
(167, 'Pandora Stroobant', 'pstroobant4m@hao123.com', 'HFnV3kKRCbi', '720-860-9607', 'placeholder.png', 'fundraiser'),
(168, 'Ford Yakebovitch', 'fyakebovitch4n@goo.ne.jp', 'XFL5h5x', '395-804-0266', 'placeholder.png', 'fundraiser'),
(169, 'Della Cregg', 'dcregg4o@canalblog.com', 'fcTaGY5O', '229-439-3616', 'placeholder.png', 'fundraiser'),
(170, 'Dalila Buffham', 'dbuffham4p@irs.gov', 'amNPOOGh0tJ', '423-664-5150', 'placeholder.png', 'fundraiser'),
(171, 'Tove Shiers', 'tshiers4q@abc.net.au', 'qtnrgmNjPUX', '504-773-5110', 'placeholder.png', 'fundraiser'),
(172, 'Felic Malek', 'fmalek4r@devhub.com', 'zl7GsDDs', '927-298-8421', 'placeholder.png', 'fundraiser'),
(173, 'Dinny Whitford', 'dwhitford4s@auda.org.au', 'LcdAjXoADk', '801-870-9555', 'placeholder.png', 'fundraiser'),
(174, 'Helge Relf', 'hrelf4t@google.es', 'n3jZon', '787-315-8988', 'placeholder.png', 'fundraiser'),
(175, 'Colin Lingwood', 'clingwood4u@smugmug.com', 'gabu18a', '239-840-4897', 'placeholder.png', 'fundraiser'),
(176, 'Rurik Menezes', 'rmenezes4v@pagesperso-orange.fr', 'SrmXMdCCb', '863-789-9667', 'placeholder.png', 'fundraiser'),
(177, 'Cassandra Tregensoe', 'ctregensoe4w@hhs.gov', 'IotFFye', '571-162-5732', 'placeholder.png', 'fundraiser'),
(178, 'Missy Spight', 'mspight4x@ning.com', 'oOXIf1E8AxwL', '704-636-1501', 'placeholder.png', 'fundraiser'),
(179, 'Vanya Fife', 'vfife4y@gravatar.com', 'NoRL3ZWM', '190-770-7725', 'placeholder.png', 'fundraiser'),
(180, 'Mareah Rheaume', 'mrheaume4z@sun.com', 'p8dRPWShK', '480-655-8937', 'placeholder.png', 'fundraiser'),
(181, 'Faun Moggach', 'fmoggach50@posterous.com', 'GSNH7FLBTdK', '126-899-4258', 'placeholder.png', 'fundraiser'),
(182, 'Cyril McGuigan', 'cmcguigan51@telegraph.co.uk', 'E5To6jz', '641-120-6220', 'placeholder.png', 'fundraiser'),
(183, 'Archibaldo Ettles', 'aettles52@gravatar.com', '4ihR9nAJ', '750-945-7135', 'placeholder.png', 'fundraiser'),
(184, 'Ly Rough', 'lrough53@tuttocitta.it', 'CtoR3yXi', '212-186-9181', 'placeholder.png', 'fundraiser'),
(185, 'Harv Matveyev', 'hmatveyev54@dell.com', 'EGAJxjBLpl5n', '471-422-8075', 'placeholder.png', 'fundraiser'),
(186, 'Rorke Giovanardi', 'rgiovanardi55@techcrunch.com', 'bordixNu40B', '448-104-4902', 'placeholder.png', 'fundraiser'),
(187, 'Freeman Gallone', 'fgallone56@si.edu', 'c3P2wBw', '659-347-4157', 'placeholder.png', 'fundraiser'),
(188, 'Darda Rime', 'drime57@a8.net', 'oRXYLr', '451-490-0570', 'placeholder.png', 'fundraiser'),
(189, 'Glynnis Carletto', 'gcarletto58@webmd.com', 'iSGuFpZ', '754-793-1423', 'placeholder.png', 'fundraiser'),
(190, 'Bondy Fleisch', 'bfleisch59@rediff.com', 'Q3ALko', '854-934-9723', 'placeholder.png', 'fundraiser'),
(191, 'Andris Haddeston', 'ahaddeston5a@issuu.com', 'xKEBBsUWv7y', '643-200-6796', 'placeholder.png', 'fundraiser'),
(192, 'Almeta Gofton', 'agofton5b@cargocollective.com', 'yx4gLvI', '784-990-9322', 'placeholder.png', 'fundraiser'),
(193, 'Mignonne Dumingos', 'mdumingos5c@wp.com', 'tCnaJyS74m7l', '212-131-5989', 'placeholder.png', 'fundraiser'),
(194, 'Lacie Waltho', 'lwaltho5d@europa.eu', 'CbRdwdj', '216-928-3795', 'placeholder.png', 'fundraiser'),
(195, 'Dora Arkil', 'darkil5e@archive.org', 'VuSWhXqA6g', '354-575-0616', 'placeholder.png', 'fundraiser'),
(196, 'Toma Perin', 'tperin5f@europa.eu', '8V32pjJ', '136-716-9741', 'placeholder.png', 'fundraiser'),
(197, 'Carlee Fechnie', 'cfechnie5g@addtoany.com', 'fbAC03zi2rAh', '286-764-5197', 'placeholder.png', 'fundraiser'),
(198, 'Pernell Clemont', 'pclemont5h@cbsnews.com', 'UWXcrGp', '748-920-2184', 'placeholder.png', 'fundraiser'),
(199, 'Henderson Vanes', 'hvanes5i@hao123.com', 'OgcXmJ6v', '519-265-8021', 'placeholder.png', 'fundraiser'),
(200, 'Babara Spinozzi', 'bspinozzi5j@deviantart.com', 'xH2J1YMkRWv', '163-340-3711', 'placeholder.png', 'fundraiser'),
(201, 'Jess Bunston', 'jbunston5k@uol.com.br', 'Qyjgnt9nxVk', '113-433-8805', 'placeholder.png', 'fundraiser'),
(202, 'Gloriane Searight', 'gsearight5l@goo.ne.jp', '16s9Ei3qY', '844-408-3034', 'placeholder.png', 'fundraiser'),
(203, 'Gwyn Endacott', 'gendacott5m@yelp.com', 'E2KUejbpgaPb', '878-893-1892', 'placeholder.png', 'fundraiser'),
(204, 'Grange Eschalette', 'geschalette5n@unc.edu', 'dEqqiwR', '332-145-7944', 'placeholder.png', 'fundraiser'),
(205, 'Aurora Alexandrou', 'aalexandrou5o@hatena.ne.jp', 'SN38y1', '636-971-6620', 'placeholder.png', 'fundraiser'),
(206, 'Woodie Drejer', 'wdrejer5p@webmd.com', 'p9PGru7ii9', '161-404-1362', 'placeholder.png', 'fundraiser'),
(207, 'Jean Vanelli', 'jvanelli5q@etsy.com', 'N9XLUeGLeqz', '802-489-4205', 'placeholder.png', 'fundraiser'),
(208, 'Katheryn Summerson', 'ksummerson5r@zimbio.com', 'kmjT4bn5k7', '135-774-0784', 'placeholder.png', 'fundraiser'),
(209, 'Corella Beals', 'cbeals5s@fotki.com', 'stGvEVYg5US', '230-556-1491', 'placeholder.png', 'fundraiser'),
(210, 'Willi Cathrae', 'wcathrae5t@plala.or.jp', 'XiUhkK', '189-870-2422', 'placeholder.png', 'fundraiser'),
(211, 'Emmalynn McGuffie', 'emcguffie5u@latimes.com', 'aOHf2e', '594-553-8537', 'placeholder.png', 'fundraiser'),
(212, 'Cass Blondel', 'cblondel5v@google.cn', 'MvcUlwsYencd', '771-672-7359', 'placeholder.png', 'fundraiser'),
(213, 'Nowell Osgarby', 'nosgarby5w@slate.com', 'EymbpRN', '147-271-7763', 'placeholder.png', 'fundraiser'),
(214, 'Zacherie Raleston', 'zraleston5x@sina.com.cn', 'hdzD9RMKWJE', '314-660-3155', 'placeholder.png', 'fundraiser'),
(215, 'Eustacia Deroche', 'ederoche5y@cloudflare.com', 'oHqyvRoVR3cH', '555-484-4986', 'placeholder.png', 'fundraiser'),
(216, 'Trstram Hallan', 'thallan5z@abc.net.au', 'UqRDEXcDadX1', '531-783-9585', 'placeholder.png', 'fundraiser'),
(217, 'Mag Cawston', 'mcawston60@census.gov', 'WE91yk', '460-630-4882', 'placeholder.png', 'fundraiser'),
(218, 'Nap Lusk', 'nlusk61@tripadvisor.com', 'NtSNh0', '163-482-6145', 'placeholder.png', 'fundraiser'),
(219, 'Glennie Furzer', 'gfurzer62@twitter.com', 'QWycsxzaHCF', '331-109-8152', 'placeholder.png', 'fundraiser'),
(220, 'Kerrin Escreet', 'kescreet63@4shared.com', 'y24NWJw', '401-651-7985', 'placeholder.png', 'fundraiser'),
(221, 'Brocky Hehl', 'bhehl64@slideshare.net', '3BdQGXM4', '563-406-1784', 'placeholder.png', 'fundraiser'),
(222, 'Debby Hofton', 'dhofton65@pbs.org', 'zt1dhS3', '963-180-0227', 'placeholder.png', 'fundraiser'),
(223, 'Homerus Dubique', 'hdubique66@360.cn', 'D6Ht9l', '673-355-1417', 'placeholder.png', 'fundraiser'),
(224, 'Peder Hallwood', 'phallwood67@cbc.ca', 'YVWPdxN0fWc', '132-420-9840', 'placeholder.png', 'fundraiser'),
(225, 'Thomas Ravelus', 'travelus68@cnn.com', 'KJMwnxMlL', '204-298-2261', 'placeholder.png', 'fundraiser'),
(226, 'Zaneta Breitler', 'zbreitler69@hugedomains.com', 'IfFcXr3e', '474-258-4648', 'placeholder.png', 'fundraiser'),
(227, 'Decca Rodolphe', 'drodolphe6a@nationalgeographic.com', 'nTGA22DYH', '935-538-9772', 'placeholder.png', 'fundraiser'),
(228, 'Didi Paskins', 'dpaskins6b@sogou.com', 'T3Ek8BrHQdV6', '167-879-2420', 'placeholder.png', 'fundraiser'),
(229, 'Wandis Einchcombe', 'weinchcombe6c@merriam-webster.com', 'ZrVdPBC9E', '577-574-8987', 'placeholder.png', 'fundraiser'),
(230, 'Miller Risom', 'mrisom6d@domainmarket.com', 'uqGfDI', '413-850-6917', 'placeholder.png', 'fundraiser'),
(231, 'Nataniel Giorgioni', 'ngiorgioni6e@shareasale.com', 'kt4XmO', '663-612-8539', 'placeholder.png', 'fundraiser'),
(232, 'Jobyna Lillo', 'jlillo6f@google.com.au', 'Gx1Ur2qoWB', '516-474-1192', 'placeholder.png', 'fundraiser'),
(233, 'Meggie Vidloc', 'mvidloc6g@elegantthemes.com', 'K6aTw3OSoo', '302-746-0594', 'placeholder.png', 'fundraiser'),
(234, 'Esmaria Bleesing', 'ebleesing6h@gizmodo.com', 'lGh1WuUEwYF', '731-277-2472', 'placeholder.png', 'fundraiser'),
(235, 'Abra Hirche', 'ahirche6i@bluehost.com', 'YSw6WCr2xS4k', '416-933-9590', 'placeholder.png', 'fundraiser'),
(236, 'Daryn Puckrin', 'dpuckrin6j@psu.edu', 'psa9z3Qe', '490-371-8314', 'placeholder.png', 'fundraiser'),
(237, 'Sharl Grewer', 'sgrewer6k@deliciousdays.com', 'Hv0okt5', '653-973-3058', 'placeholder.png', 'fundraiser'),
(238, 'Rita Klimke', 'rklimke6l@a8.net', 'oqTvxi', '334-761-3993', 'placeholder.png', 'fundraiser'),
(239, 'Diane-marie Griston', 'dgriston6m@skype.com', 'Y9qEudEH7Riz', '940-772-5374', 'placeholder.png', 'fundraiser'),
(240, 'Merrill Hume', 'mhume6n@cam.ac.uk', '1j1B9HZMcb', '446-944-3023', 'placeholder.png', 'fundraiser'),
(241, 'Bondon Meggison', 'bmeggison6o@pcworld.com', 'NaV1k0w', '922-185-0897', 'placeholder.png', 'fundraiser'),
(242, 'Aeriel Drissell', 'adrissell6p@flavors.me', 'oqxmBGFtsNHj', '273-734-2788', 'placeholder.png', 'fundraiser'),
(243, 'Sidonia Radmore', 'sradmore6q@dell.com', 'pARehtk0', '134-815-4439', 'placeholder.png', 'fundraiser'),
(244, 'Cayla Keenan', 'ckeenan6r@domainmarket.com', 'fSDHo16fAT', '635-202-1812', 'placeholder.png', 'fundraiser'),
(245, 'Alvan Stening', 'astening6s@forbes.com', 'pY1VORnlo7Nq', '956-958-3773', 'placeholder.png', 'fundraiser'),
(246, 'Felisha Lomax', 'flomax6t@vkontakte.ru', '4xDYaSs7', '903-431-4594', 'placeholder.png', 'fundraiser'),
(247, 'Edith Brian', 'ebrian6u@newyorker.com', 'ZRLORLJB', '638-815-5840', 'placeholder.png', 'fundraiser'),
(248, 'Wayne McGovern', 'wmcgovern6v@networkadvertising.org', '9CzO29HfE7We', '172-325-9685', 'placeholder.png', 'fundraiser'),
(249, 'Thedrick Locarno', 'tlocarno6w@kickstarter.com', '701HP3B1', '200-301-7287', 'placeholder.png', 'fundraiser'),
(250, 'Munroe Bartholomieu', 'mbartholomieu6x@yellowpages.com', 'PgtTQl', '153-732-6789', 'placeholder.png', 'fundraiser'),
(251, 'Drucie Pickance', 'dpickance6y@github.io', 'EOvHPMdSAhvr', '615-873-8372', 'placeholder.png', 'fundraiser'),
(252, 'Vinny Fifield', 'vfifield6z@ox.ac.uk', 'jXamvHvvosEg', '698-830-7252', 'placeholder.png', 'fundraiser'),
(253, 'Georges Dougher', 'gdougher70@ucla.edu', 'Jz4A1qJao0', '891-974-7489', 'placeholder.png', 'fundraiser'),
(254, 'Johnnie Patroni', 'jpatroni71@engadget.com', '2MFtpd', '577-753-5350', 'placeholder.png', 'fundraiser'),
(255, 'Vanessa Hunt', 'vhunt72@infoseek.co.jp', 'rCCDh7', '152-538-3775', 'placeholder.png', 'fundraiser'),
(256, 'Tobi Pinnion', 'tpinnion73@simplemachines.org', 'loH6ipuZO', '312-352-3116', 'placeholder.png', 'fundraiser'),
(257, 'Alvera Casford', 'acasford74@domainmarket.com', 'AeOmBQQ', '701-155-2728', 'placeholder.png', 'fundraiser'),
(258, 'Isis Spincke', 'ispincke75@so-net.ne.jp', '5N6ROVfKsMm', '728-151-1609', 'placeholder.png', 'fundraiser'),
(259, 'Mina Showers', 'mshowers76@nba.com', 'AG5VKS', '608-327-2847', 'placeholder.png', 'fundraiser'),
(260, 'Windham Little', 'wlittle77@businessweek.com', 'lXnl5oqoZup', '769-190-9671', 'placeholder.png', 'fundraiser'),
(261, 'Devin Ludovico', 'dludovico78@unc.edu', 'bOmXzR', '628-587-3707', 'placeholder.png', 'fundraiser'),
(262, 'Heda Wrathmall', 'hwrathmall79@exblog.jp', '4vXWyQq5Pq', '484-424-7027', 'placeholder.png', 'fundraiser'),
(263, 'Rasla Savell', 'rsavell7a@census.gov', 'YjkB4vmSqZVm', '172-857-4849', 'placeholder.png', 'fundraiser'),
(264, 'Johnathan Sutherby', 'jsutherby7b@adobe.com', 'VGVfAnT7MjLQ', '131-665-8531', 'placeholder.png', 'fundraiser'),
(265, 'Mord Schleswig-Holstein', 'mschleswigholstein7c@vimeo.com', '3HjzOE5K', '769-537-1859', 'placeholder.png', 'fundraiser'),
(266, 'Paton Barkhouse', 'pbarkhouse7d@wsj.com', 'M7XiPExojX3', '571-501-8173', 'placeholder.png', 'fundraiser'),
(267, 'Panchito Dosdale', 'pdosdale7e@hc360.com', '2tDjpkBhj', '814-699-6903', 'placeholder.png', 'fundraiser'),
(268, 'Helen Orlton', 'horlton7f@mac.com', 'TehBtfKvkt', '937-878-6063', 'placeholder.png', 'fundraiser'),
(269, 'Will Trimby', 'wtrimby7g@about.me', 'kn75X8MjOI8', '960-831-6599', 'placeholder.png', 'fundraiser'),
(270, 'Quillan Burgot', 'qburgot7h@globo.com', 'l6ekVRwih', '998-715-0328', 'placeholder.png', 'fundraiser'),
(271, 'Sherye Passman', 'spassman7i@infoseek.co.jp', 'aEhJNz5EIjP', '748-107-6081', 'placeholder.png', 'fundraiser'),
(272, 'Niven Klich', 'nklich7j@trellian.com', 'VYsp8lS934', '191-483-5672', 'placeholder.png', 'fundraiser'),
(273, 'Dyanna Iashvili', 'diashvili7k@geocities.jp', 'p9BVYK1B', '338-730-6074', 'placeholder.png', 'fundraiser'),
(274, 'Augustus Philipart', 'aphilipart7l@guardian.co.uk', 'B1K1V4', '577-468-1754', 'placeholder.png', 'fundraiser'),
(275, 'Diane-marie Viste', 'dviste7m@rambler.ru', 'UvVdEu0D', '300-853-7053', 'placeholder.png', 'fundraiser'),
(276, 'Kessia Stych', 'kstych7n@naver.com', 'bWawsbTYm', '629-488-9132', 'placeholder.png', 'fundraiser'),
(277, 'Jacklyn Prandi', 'jprandi7o@taobao.com', 'm08ogEU7A', '646-680-2584', 'placeholder.png', 'fundraiser'),
(278, 'Yule Greatrex', 'ygreatrex7p@oracle.com', 'SbZefq2c', '802-786-8582', 'placeholder.png', 'fundraiser'),
(279, 'Armando Baumford', 'abaumford7q@google.cn', 'nK993S1BMU', '564-846-0208', 'placeholder.png', 'fundraiser'),
(280, 'Maybelle Dockwray', 'mdockwray7r@google.nl', 'AI90nj3rJ', '448-167-7510', 'placeholder.png', 'fundraiser'),
(281, 'Tiphanie Wrettum', 'twrettum7s@newsvine.com', 'ivS0qQo', '553-227-3705', 'placeholder.png', 'fundraiser'),
(282, 'Goran Cornau', 'gcornau7t@cdbaby.com', 'bAJHis', '963-597-2100', 'placeholder.png', 'fundraiser'),
(283, 'Gillian Arnowitz', 'garnowitz7u@vinaora.com', 'IuqODax4Gv', '640-780-1117', 'placeholder.png', 'fundraiser'),
(284, 'Binni McArd', 'bmcard7v@japanpost.jp', '4Oou6D8gMJaJ', '544-185-4432', 'placeholder.png', 'fundraiser'),
(285, 'Linn Cushworth', 'lcushworth7w@chronoengine.com', 'yk33IAla', '292-812-8443', 'placeholder.png', 'fundraiser'),
(286, 'Mignon Hebborn', 'mhebborn7x@digg.com', 'Y2VaSWpyxZy', '483-670-8777', 'placeholder.png', 'fundraiser'),
(287, 'Frannie Kitson', 'fkitson7y@diigo.com', '2dtWd7YEdN', '606-691-0707', 'placeholder.png', 'fundraiser'),
(288, 'Gay Groomebridge', 'ggroomebridge7z@spotify.com', '9v8UY4ToM3P', '534-735-2245', 'placeholder.png', 'fundraiser'),
(289, 'Yasmeen Hartfleet', 'yhartfleet80@nature.com', '8S170UIqq71r', '194-622-4178', 'placeholder.png', 'fundraiser'),
(290, 'Vivienne Kibby', 'vkibby81@alexa.com', 'GLCKhhUduz3', '272-711-4656', 'placeholder.png', 'fundraiser'),
(291, 'Carolynn Enticknap', 'centicknap82@elegantthemes.com', 'TNdwVa', '547-349-9649', 'placeholder.png', 'fundraiser'),
(292, 'Candice Crusham', 'ccrusham83@chron.com', 'S021ZBahhY', '238-417-9192', 'placeholder.png', 'fundraiser'),
(293, 'Doralynn Smalecombe', 'dsmalecombe84@freewebs.com', 'BWXJhag7', '573-439-5223', 'placeholder.png', 'fundraiser'),
(294, 'Leland Aynscombe', 'laynscombe85@prweb.com', 'CM3PAMhwHiy', '850-579-2722', 'placeholder.png', 'fundraiser'),
(295, 'Shermy Lichtfoth', 'slichtfoth86@time.com', 'wTyOPNGw', '312-419-7206', 'placeholder.png', 'fundraiser'),
(296, 'Sandie Basford', 'sbasford87@ucoz.ru', 'qvadB2', '739-607-9693', 'placeholder.png', 'fundraiser'),
(297, 'Consalve Le Bosse', 'cle88@tiny.cc', 'yfKdhy7', '481-171-0244', 'placeholder.png', 'fundraiser'),
(298, 'Bryn Borgars', 'bborgars89@xinhuanet.com', 'WCrkOT', '351-311-9960', 'placeholder.png', 'fundraiser'),
(299, 'Babbette Krzyzanowski', 'bkrzyzanowski8a@bbc.co.uk', 'r85rbz', '891-208-9737', 'placeholder.png', 'fundraiser'),
(300, 'Ricky Mavin', 'rmavin8b@moonfruit.com', 'MsHb8uw5O', '731-967-2108', 'placeholder.png', 'fundraiser'),
(301, 'Jaquelin Olliffe', 'jolliffe8c@vk.com', 'gesoAtfFfdkh', '835-702-3793', 'placeholder.png', 'fundraiser'),
(302, 'Gabi Chatenet', 'gchatenet8d@360.cn', 'G1DbiMpbIzQn', '331-263-2575', 'placeholder.png', 'fundraiser'),
(303, 'Orella Paike', 'opaike8e@forbes.com', 'axWcuAdiUx', '865-898-5605', 'placeholder.png', 'fundraiser'),
(304, 'Angil Bessant', 'abessant8f@biglobe.ne.jp', 'CBBauN', '999-882-2551', 'placeholder.png', 'fundraiser'),
(305, 'Morgan Bickley', 'mbickley8g@google.it', '86TOjzrb6', '238-112-9685', 'placeholder.png', 'fundraiser'),
(306, 'Ody Dabell', 'odabell8h@fotki.com', 'XuHJjy1GEi', '812-333-3114', 'placeholder.png', 'fundraiser'),
(307, 'Wallie Strettle', 'wstrettle8i@wikimedia.org', 'vklEbbr', '254-495-9116', 'placeholder.png', 'fundraiser'),
(308, 'Bess Gilbey', 'bgilbey8j@scientificamerican.com', 'oIwZMR', '740-537-7010', 'placeholder.png', 'fundraiser'),
(309, 'Claire Blazevic', 'cblazevic8k@amazon.com', 'b5weO4H', '659-778-5533', 'placeholder.png', 'fundraiser'),
(310, 'Candida Enticott', 'centicott8l@apache.org', 'cNNhIK6nE', '190-731-7958', 'placeholder.png', 'fundraiser'),
(311, 'Elke Kelsow', 'ekelsow8m@sina.com.cn', 'SmkasWywkk', '910-612-3062', 'placeholder.png', 'fundraiser'),
(312, 'Barbette Dawtry', 'bdawtry8n@shop-pro.jp', 'Eb4uuvQbs', '210-823-0025', 'placeholder.png', 'fundraiser'),
(313, 'Terri Walkden', 'twalkden8o@issuu.com', '38dGfJp5IEN', '730-145-8025', 'placeholder.png', 'fundraiser'),
(314, 'Neville Rean', 'nrean8p@vkontakte.ru', 'VG6joZPsA', '435-388-5693', 'placeholder.png', 'fundraiser'),
(315, 'Chucho Wann', 'cwann8q@hubpages.com', '3tjhXUNF0', '794-398-3747', 'placeholder.png', 'fundraiser'),
(316, 'Ki Beel', 'kbeel8r@cloudflare.com', 'TLoGFQ', '422-626-4195', 'placeholder.png', 'fundraiser'),
(317, 'Darius Trevallion', 'dtrevallion8s@typepad.com', 'UzrAwOnHwxx', '527-778-2215', 'placeholder.png', 'fundraiser'),
(318, 'Cyndi Scarff', 'cscarff8t@webnode.com', 'eEXKlIq', '690-251-1734', 'placeholder.png', 'fundraiser'),
(319, 'Reade Adne', 'radne8u@state.gov', 'WKQbw6Vg', '857-787-8356', 'placeholder.png', 'fundraiser'),
(320, 'Robina Hawket', 'rhawket8v@amazon.co.uk', 'cgleKaR5MyF', '288-330-5934', 'placeholder.png', 'fundraiser'),
(321, 'Ceciley Kiely', 'ckiely8w@etsy.com', 'LZZmliT', '804-580-5548', 'placeholder.png', 'fundraiser'),
(322, 'Lanette Cluitt', 'lcluitt8x@statcounter.com', 'yRabAZJ', '344-117-7603', 'placeholder.png', 'fundraiser'),
(323, 'Phylys Clashe', 'pclashe8y@exblog.jp', 'Upx0N05J8', '659-892-5142', 'placeholder.png', 'fundraiser'),
(324, 'Morgen Curlis', 'mcurlis8z@ebay.co.uk', 'tAGo4p0JhC', '813-511-7091', 'placeholder.png', 'fundraiser'),
(325, 'Edwina Baser', 'ebaser90@weibo.com', '0QX6hS1OF', '890-455-4146', 'placeholder.png', 'fundraiser'),
(326, 'Madeleine Kiln', 'mkiln91@spiegel.de', 'yZ1H7gNKj', '114-277-2241', 'placeholder.png', 'fundraiser'),
(327, 'Norton O\'Crigan', 'nocrigan92@paypal.com', '67YIWaGf', '862-453-3395', 'placeholder.png', 'fundraiser'),
(328, 'Katherina Nott', 'knott93@loc.gov', 'rHyseHIE', '391-767-5574', 'placeholder.png', 'fundraiser'),
(329, 'Blaine Longshaw', 'blongshaw94@nba.com', 'GhTp9F0eP8iX', '920-165-4941', 'placeholder.png', 'fundraiser'),
(330, 'Rosene Crooke', 'rcrooke95@paginegialle.it', 'RFZJu1', '570-135-3176', 'placeholder.png', 'fundraiser'),
(331, 'Alasdair Bentzen', 'abentzen96@mozilla.org', 'fdRmZqnI', '997-917-5955', 'placeholder.png', 'fundraiser'),
(332, 'Clio Dyshart', 'cdyshart97@google.co.jp', 'rcdJqF3GyZ', '236-529-8120', 'placeholder.png', 'fundraiser'),
(333, 'Sidnee Mayo', 'smayo98@hp.com', '84YoziaGX', '970-313-5029', 'placeholder.png', 'fundraiser'),
(334, 'Saba Heninghem', 'sheninghem99@constantcontact.com', 'in5NMvaG', '873-384-3439', 'placeholder.png', 'fundraiser'),
(335, 'Lou Devin', 'ldevin9a@webeden.co.uk', 'Gu39NVhPc7c', '754-872-3007', 'placeholder.png', 'fundraiser'),
(336, 'Benjie Cleverly', 'bcleverly9b@elegantthemes.com', 'rA6wAuraFL', '849-689-4187', 'placeholder.png', 'fundraiser'),
(337, 'Granny Hindrick', 'ghindrick9c@marketwatch.com', '3bdvKT8Y', '760-148-0243', 'placeholder.png', 'fundraiser'),
(338, 'Chucho Hounsom', 'chounsom9d@usnews.com', 'NNoOf1W', '124-108-1877', 'placeholder.png', 'fundraiser'),
(339, 'Ruby Margerison', 'rmargerison9e@wisc.edu', 'AZkZhx', '350-476-2786', 'placeholder.png', 'fundraiser'),
(340, 'Dallis Harbord', 'dharbord9f@1und1.de', '3vGth3c8I9bv', '373-265-6698', 'placeholder.png', 'fundraiser'),
(341, 'Elwin Carlucci', 'ecarlucci9g@nature.com', 'UKe6n7POzX', '345-505-0055', 'placeholder.png', 'fundraiser'),
(342, 'Micki Oade', 'moade9h@devhub.com', 'CsrPAG6JH', '882-621-9505', 'placeholder.png', 'fundraiser'),
(343, 'Juana Spurdens', 'jspurdens9i@parallels.com', 'x2ERavQ', '601-195-2167', 'placeholder.png', 'fundraiser'),
(344, 'Pamela Blakeslee', 'pblakeslee9j@virginia.edu', '6a7s0V', '114-320-2633', 'placeholder.png', 'fundraiser'),
(345, 'Heloise Chazette', 'hchazette9k@a8.net', '5UZsdJv', '180-219-0487', 'placeholder.png', 'fundraiser'),
(346, 'Miguel Mattimoe', 'mmattimoe9l@com.com', 'wlp7LcJC0U', '817-380-5900', 'placeholder.png', 'fundraiser'),
(347, 'Donal Gilmore', 'dgilmore9m@ustream.tv', 'L53SGCDKLkBU', '905-861-1402', 'placeholder.png', 'fundraiser'),
(348, 'Rora Hedger', 'rhedger9n@msn.com', 'qRhUtG72', '134-620-0438', 'placeholder.png', 'fundraiser'),
(349, 'Agnola Ewen', 'aewen9o@foxnews.com', 'vR3gJuEWfaxv', '256-449-6873', 'placeholder.png', 'fundraiser'),
(350, 'Cody Lye', 'clye9p@senate.gov', 'dTPcVNB3BW', '100-740-8975', 'placeholder.png', 'fundraiser'),
(351, 'Rivalee Luthwood', 'rluthwood9q@bluehost.com', 'Qqp3XzxFs', '111-414-0235', 'placeholder.png', 'fundraiser'),
(352, 'Veda Krates', 'vkrates9r@cdc.gov', 'uLwVIIH', '467-129-1347', 'placeholder.png', 'fundraiser'),
(353, 'Vinnie O\'Looney', 'volooney9s@issuu.com', '8mmk6UuJ', '436-296-6286', 'placeholder.png', 'fundraiser'),
(354, 'Lanita Habergham', 'lhabergham9t@psu.edu', 's7GDiV', '127-658-5037', 'placeholder.png', 'fundraiser'),
(355, 'Delphine Orteaux', 'dorteaux9u@miitbeian.gov.cn', 'jDxMx336ofH', '218-622-1867', 'placeholder.png', 'fundraiser'),
(356, 'Bryan Swales', 'bswales9v@intel.com', 'h4V7zWGR', '194-862-0877', 'placeholder.png', 'fundraiser'),
(357, 'Nicoline Verchambre', 'nverchambre9w@washingtonpost.com', 'bXRqlxEP', '301-124-3251', 'placeholder.png', 'fundraiser'),
(358, 'Brinna Maddie', 'bmaddie9x@odnoklassniki.ru', 'wlTk18OGYFS', '354-165-0216', 'placeholder.png', 'fundraiser'),
(359, 'Hinda Chattock', 'hchattock9y@rediff.com', '7WLMgQyUJa', '960-487-5360', 'placeholder.png', 'fundraiser'),
(360, 'Aileen Bartomeu', 'abartomeu9z@usatoday.com', 'Zg9axNIC', '683-297-0977', 'placeholder.png', 'fundraiser'),
(361, 'Freddie Heathcott', 'fheathcotta0@ftc.gov', 'w6fzNxJwe', '185-439-1129', 'placeholder.png', 'fundraiser'),
(362, 'Ado Jezzard', 'ajezzarda1@moonfruit.com', '8KBaVnjtZyfh', '837-994-9667', 'placeholder.png', 'fundraiser'),
(363, 'Mildred Kruger', 'mkrugera2@cnet.com', 'EeXeZNxo0fT', '294-879-7814', 'placeholder.png', 'fundraiser'),
(364, 'Avril Lefeaver', 'alefeavera3@nytimes.com', 'lhhUhOpScZk', '391-702-0767', 'placeholder.png', 'fundraiser'),
(365, 'Kaitlyn Ovise', 'kovisea4@webmd.com', 'vVh4Dg2mO', '483-996-6489', 'placeholder.png', 'fundraiser'),
(366, 'Durant Van der Son', 'dvana5@thetimes.co.uk', 'VafW3yVfL7NQ', '156-126-4845', 'placeholder.png', 'fundraiser'),
(367, 'Daune Blincoe', 'dblincoea6@sun.com', 'Ive2F3', '744-107-1759', 'placeholder.png', 'fundraiser'),
(368, 'Kathie Gilbride', 'kgilbridea7@163.com', 'RynXym4', '882-427-4124', 'placeholder.png', 'fundraiser'),
(369, 'Karel Filkov', 'kfilkova8@xrea.com', 'fFT0nXxhVg', '223-348-5367', 'placeholder.png', 'fundraiser'),
(370, 'Tisha Chomicz', 'tchomicza9@dion.ne.jp', 'MBhmDKqL', '489-666-8679', 'placeholder.png', 'fundraiser'),
(371, 'Dorisa Coatsworth', 'dcoatsworthaa@barnesandnoble.com', 'V2TZiv5gyvoN', '985-894-7532', 'placeholder.png', 'fundraiser'),
(372, 'Elonore Blannin', 'eblanninab@surveymonkey.com', '3myGEQu1Ah0H', '220-603-5665', 'placeholder.png', 'fundraiser'),
(373, 'Brock McEwan', 'bmcewanac@pbs.org', 'y9zYTL7DjL', '818-104-8297', 'placeholder.png', 'fundraiser'),
(374, 'Conroy Pidgeley', 'cpidgeleyad@ebay.co.uk', 'E78HfjN', '780-866-0118', 'placeholder.png', 'fundraiser'),
(375, 'Kirstin Inott', 'kinottae@odnoklassniki.ru', 'iDoc2a', '208-653-7141', 'placeholder.png', 'fundraiser'),
(376, 'Fabe Dobrowski', 'fdobrowskiaf@redcross.org', 'qWjpA1236PD', '371-419-1902', 'placeholder.png', 'fundraiser'),
(377, 'Bertrand Roy', 'broyag@dagondesign.com', 'vOabVzclWAps', '297-500-9371', 'placeholder.png', 'fundraiser'),
(378, 'Darbee Campanelli', 'dcampanelliah@networkadvertising.org', 'HddYxPGGRVw', '455-746-3627', 'placeholder.png', 'fundraiser'),
(379, 'Chic MacCard', 'cmaccardai@earthlink.net', 'aQoiD6lT3j', '243-801-0602', 'placeholder.png', 'fundraiser'),
(380, 'Leonidas Ilive', 'liliveaj@trellian.com', 'V7XEvMXmN8f', '895-900-3700', 'placeholder.png', 'fundraiser'),
(381, 'Janka Pren', 'jprenak@google.com.au', 'CxJvVvc', '474-106-0625', 'placeholder.png', 'fundraiser'),
(382, 'Giana Tonkin', 'gtonkinal@nps.gov', '1DFBUmrwbDKz', '951-658-5623', 'placeholder.png', 'fundraiser'),
(383, 'Elizabet Pogosian', 'epogosianam@live.com', 'RszPEXp8h2XB', '665-717-3213', 'placeholder.png', 'fundraiser'),
(384, 'Wat Fraulo', 'wfrauloan@privacy.gov.au', 'argwKcmSDJ', '749-752-4984', 'placeholder.png', 'fundraiser'),
(385, 'Iona Hinchon', 'ihinchonao@newyorker.com', '5QdFt3', '971-176-6174', 'placeholder.png', 'fundraiser'),
(386, 'Carmon Jilkes', 'cjilkesap@bravesites.com', 'F7RxVyhkA5', '138-139-6069', 'placeholder.png', 'fundraiser'),
(387, 'Valentine Threader', 'vthreaderaq@networksolutions.com', 'wotKxyQ', '892-260-9389', 'placeholder.png', 'fundraiser'),
(388, 'Myra Lucien', 'mlucienar@nasa.gov', '7GVMXlo', '374-540-8195', 'placeholder.png', 'fundraiser'),
(389, 'Loralee Stump', 'lstumpas@blogger.com', 'AMt02U', '446-192-1505', 'placeholder.png', 'fundraiser'),
(390, 'Catriona Hintzer', 'chintzerat@zimbio.com', 'LQ6aPGQrmljL', '562-688-5043', 'placeholder.png', 'fundraiser'),
(391, 'Jerrie Simonel', 'jsimonelau@weibo.com', 'uPo7FoRpT', '364-840-8595', 'placeholder.png', 'fundraiser'),
(392, 'Ambrosius Adriani', 'aadrianiav@ucsd.edu', 'wby2DQQ48', '489-891-0517', 'placeholder.png', 'fundraiser'),
(393, 'Honoria Swabey', 'hswabeyaw@google.pl', 'lJl9jK9', '715-753-1461', 'placeholder.png', 'fundraiser'),
(394, 'Constantin Kleinstein', 'ckleinsteinax@seattletimes.com', 'N6enFT', '719-370-8028', 'placeholder.png', 'fundraiser'),
(395, 'Josias Roubert', 'jroubertay@answers.com', 'KrGo8XMuf', '811-295-4274', 'placeholder.png', 'fundraiser'),
(396, 'Eugen Caesman', 'ecaesmanaz@privacy.gov.au', 'sGQ0qDQejcZ', '696-570-8827', 'placeholder.png', 'fundraiser'),
(397, 'Susanne Shipman', 'sshipmanb0@stumbleupon.com', 'mdpImVNdn', '921-246-2260', 'placeholder.png', 'fundraiser'),
(398, 'Cirilo Kasbye', 'ckasbyeb1@irs.gov', 'Buq4wZLdEEX', '739-735-3675', 'placeholder.png', 'fundraiser'),
(399, 'Filmer Hartles', 'fhartlesb2@eventbrite.com', 'gDiT5P46TB6', '640-553-5190', 'placeholder.png', 'fundraiser'),
(400, 'Emmalee Detloff', 'edetloffb3@privacy.gov.au', 'iwOKKCdCoBXe', '592-122-6148', 'placeholder.png', 'fundraiser'),
(401, 'Jarvis Catherine', 'jcatherineb4@opera.com', 'vbWwBVRJK1', '966-927-7224', 'placeholder.png', 'fundraiser'),
(402, 'Tyson Rennolds', 'trennoldsb5@dedecms.com', 't8ke00P', '882-732-3580', 'placeholder.png', 'fundraiser'),
(403, 'Fanechka Castledine', 'fcastledineb6@bing.com', '1s4DZlzDBuC', '314-453-4279', 'placeholder.png', 'fundraiser'),
(404, 'Thorpe Kondratovich', 'tkondratovichb7@auda.org.au', 'FsP4g9MNm7', '719-262-2797', 'placeholder.png', 'fundraiser'),
(405, 'Gretal Vahl', 'gvahlb8@storify.com', 'LyjycC8T8An1', '936-928-0803', 'placeholder.png', 'fundraiser'),
(406, 'Jeniffer Marcu', 'jmarcub9@lycos.com', 'fHf5epO', '766-813-9491', 'placeholder.png', 'fundraiser'),
(407, 'Rodolfo Elijahu', 'relijahuba@jimdo.com', 'S8nTo7lQ6os', '716-172-3818', 'placeholder.png', 'fundraiser'),
(408, 'Aron Gilliat', 'agilliatbb@virginia.edu', 'ts42U0iz', '745-194-9689', 'placeholder.png', 'fundraiser'),
(409, 'Lorelei Slidders', 'lsliddersbc@wired.com', 'x21wVRmCVr', '473-145-7372', 'placeholder.png', 'fundraiser'),
(410, 'Travis Mattholie', 'tmattholiebd@biblegateway.com', '2y76qZW', '295-446-7454', 'placeholder.png', 'fundraiser'),
(411, 'Claudelle Nobbs', 'cnobbsbe@nyu.edu', '1zqzjk4', '246-824-3453', 'placeholder.png', 'fundraiser'),
(412, 'Launce Ridel', 'lridelbf@blogtalkradio.com', 'gyizSELn', '908-661-5654', 'placeholder.png', 'fundraiser'),
(413, 'Harlen Forsyde', 'hforsydebg@reuters.com', 'WIrJtL5', '258-796-9424', 'placeholder.png', 'fundraiser'),
(414, 'Meredith Key', 'mkeybh@psu.edu', 'NvFwvjVxjcjm', '767-648-2910', 'placeholder.png', 'fundraiser'),
(415, 'Corbet Parade', 'cparadebi@nsw.gov.au', 'dW3v6Yo', '145-453-5091', 'placeholder.png', 'fundraiser'),
(416, 'Willetta Breede', 'wbreedebj@google.pl', 'MBEwud', '626-783-6987', 'placeholder.png', 'fundraiser'),
(417, 'Case Moffat', 'cmoffatbk@merriam-webster.com', 'vXwAVBucV1qx', '940-619-3307', 'placeholder.png', 'fundraiser'),
(418, 'Beaufort Cunningham', 'bcunninghambl@wikia.com', 'ABQW1mjIB', '884-916-0936', 'placeholder.png', 'fundraiser'),
(419, 'Marietta Maddocks', 'mmaddocksbm@mysql.com', 'CKeUD9DEJP', '777-442-1531', 'placeholder.png', 'fundraiser'),
(420, 'Joellyn Haggarth', 'jhaggarthbn@house.gov', 'DbCPDTSEUs', '565-429-2889', 'placeholder.png', 'fundraiser'),
(421, 'Jozef Stratten', 'jstrattenbo@so-net.ne.jp', 'pvvSwkWKr', '323-139-4250', 'placeholder.png', 'fundraiser'),
(422, 'Bradford Wyett', 'bwyettbp@smh.com.au', 'pB1SYoVgi', '115-824-0841', 'placeholder.png', 'fundraiser'),
(423, 'Klara Cubbinelli', 'kcubbinellibq@uol.com.br', 'JjnDp2RfmHM', '995-119-2363', 'placeholder.png', 'fundraiser'),
(424, 'Alon Schorah', 'aschorahbr@skyrock.com', 'IX8xE7f', '779-739-7279', 'placeholder.png', 'fundraiser'),
(425, 'Fielding Struss', 'fstrussbs@nifty.com', 'ZfTvLLDl', '100-377-9812', 'placeholder.png', 'fundraiser'),
(426, 'Lian Surr', 'lsurrbt@youtube.com', 'sSKazmM2', '565-535-2210', 'placeholder.png', 'fundraiser'),
(427, 'Leandra Josling', 'ljoslingbu@mac.com', 'NHoM1JVIuDN', '678-729-9720', 'placeholder.png', 'fundraiser'),
(428, 'Vivi Torfin', 'vtorfinbv@mapquest.com', 'mGYb21', '530-377-1991', 'placeholder.png', 'fundraiser'),
(429, 'Bryon Baterip', 'bbateripbw@cyberchimps.com', '6vWnMkv', '265-911-7188', 'placeholder.png', 'fundraiser'),
(430, 'Johny Faulder', 'jfaulderbx@netvibes.com', 'nQrBVai', '712-779-0177', 'placeholder.png', 'fundraiser'),
(431, 'Gilli Carillo', 'gcarilloby@cdbaby.com', 'yiT4mM7Cld', '321-193-7050', 'placeholder.png', 'fundraiser'),
(432, 'Erminie Binford', 'ebinfordbz@washingtonpost.com', 'p0HolVE4L5', '203-235-3419', 'placeholder.png', 'fundraiser'),
(433, 'Ariella Trehearne', 'atrehearnec0@walmart.com', 'JQysl1FCMfL', '505-721-4549', 'placeholder.png', 'fundraiser'),
(434, 'Carmita Yellop', 'cyellopc1@tripadvisor.com', 'ABtd7IiEA0', '913-600-7492', 'placeholder.png', 'fundraiser'),
(435, 'Tedra Moyer', 'tmoyerc2@gov.uk', '6DcHbI4', '364-939-8920', 'placeholder.png', 'fundraiser'),
(436, 'Vi Keighly', 'vkeighlyc3@boston.com', 'PQZsbKCC', '920-807-5074', 'placeholder.png', 'fundraiser'),
(437, 'Keane Aubray', 'kaubrayc4@gizmodo.com', '7dgORQ', '353-437-8128', 'placeholder.png', 'fundraiser'),
(438, 'Tera Tibbles', 'ttibblesc5@tripod.com', '1mdvQ5ob', '338-888-8515', 'placeholder.png', 'fundraiser'),
(439, 'Barbette Darlington', 'bdarlingtonc6@noaa.gov', 'LlSZX8SFJU', '695-167-8638', 'placeholder.png', 'fundraiser'),
(440, 'Heloise De Mattia', 'hdec7@army.mil', 'phpsnOm5', '444-415-9649', 'placeholder.png', 'fundraiser'),
(441, 'Brigid Gorler', 'bgorlerc8@myspace.com', 'FREdh7ldeY4D', '976-256-7088', 'placeholder.png', 'fundraiser'),
(442, 'Bria Diggles', 'bdigglesc9@w3.org', 'eqvai5yzvO', '865-940-8784', 'placeholder.png', 'fundraiser'),
(443, 'Creigh Thomassin', 'cthomassinca@guardian.co.uk', 'vhEhtVkY', '435-640-6666', 'placeholder.png', 'fundraiser'),
(444, 'Mersey Boutwell', 'mboutwellcb@360.cn', 'n6eunDFFPZP', '336-553-4273', 'placeholder.png', 'fundraiser'),
(445, 'Reynold Deetlof', 'rdeetlofcc@sogou.com', 'CCmwIEImrt', '154-843-8955', 'placeholder.png', 'fundraiser'),
(446, 'Rab Dorricott', 'rdorricottcd@com.com', 'hB20ja', '570-180-8740', 'placeholder.png', 'fundraiser'),
(447, 'Anneliese Clemits', 'aclemitsce@hugedomains.com', 'vwYxb0mEEyRn', '198-198-2612', 'placeholder.png', 'fundraiser'),
(448, 'Lewiss Bartolomeotti', 'lbartolomeotticf@is.gd', 'fnTo9QTNXeW', '557-817-0013', 'placeholder.png', 'fundraiser'),
(449, 'Audrey Pickavant', 'apickavantcg@youku.com', 'JcoGo5B3Jo6O', '749-858-2893', 'placeholder.png', 'fundraiser'),
(450, 'Lorenza Lorent', 'llorentch@patch.com', 'APV1Q0Cd6', '414-480-2498', 'placeholder.png', 'fundraiser'),
(451, 'Andrus Badder', 'abadderci@ox.ac.uk', '4FGagmbmVHU', '905-326-8441', 'placeholder.png', 'fundraiser'),
(452, 'Beckie Hockell', 'bhockellcj@shareasale.com', 'p2KNBx', '896-891-4713', 'placeholder.png', 'fundraiser');
INSERT INTO `accounts` (`account_id`, `account_name`, `account_email`, `account_password`, `account_phone`, `account_avatar`, `account_level`) VALUES
(453, 'Alisander Sloan', 'asloanck@skyrock.com', 'uNfZIPWy', '274-768-7338', 'placeholder.png', 'fundraiser'),
(454, 'Hendrik Buglass', 'hbuglasscl@ustream.tv', 'IfxD52BmqRP', '812-985-0042', 'placeholder.png', 'fundraiser'),
(455, 'Erhard Franzel', 'efranzelcm@ning.com', 'nQRi7VbSg', '965-361-8541', 'placeholder.png', 'fundraiser'),
(456, 'Nicole Wellfare', 'nwellfarecn@sina.com.cn', 'URK9Od', '587-802-5277', 'placeholder.png', 'fundraiser'),
(457, 'Alano Kliment', 'aklimentco@odnoklassniki.ru', 'YlpWozm3m5', '486-595-3114', 'placeholder.png', 'fundraiser'),
(458, 'Nanci Buchanan', 'nbuchanancp@canalblog.com', 'GkPJTWM', '318-736-4256', 'placeholder.png', 'fundraiser'),
(459, 'Emlen Hansod', 'ehansodcq@state.tx.us', 'h7cKIVpFC', '418-448-6811', 'placeholder.png', 'fundraiser'),
(460, 'Romy Kermit', 'rkermitcr@unesco.org', '7vRJmZzm0qb', '360-568-5959', 'placeholder.png', 'fundraiser'),
(461, 'Yorke Jerams', 'yjeramscs@instagram.com', '7GJvOLsfsvu', '479-567-8046', 'placeholder.png', 'fundraiser'),
(462, 'Yettie MacNelly', 'ymacnellyct@sogou.com', 'MaD0NOw', '184-367-4280', 'placeholder.png', 'fundraiser'),
(463, 'Cary Woodus', 'cwooduscu@jiathis.com', 'D5h5knQeq', '722-291-6695', 'placeholder.png', 'fundraiser'),
(464, 'Clarette Benwell', 'cbenwellcv@flickr.com', 'FEVsJu8yZ', '347-585-5590', 'placeholder.png', 'fundraiser'),
(465, 'Karie Reolfo', 'kreolfocw@chicagotribune.com', '8zfUntbP', '335-659-5157', 'placeholder.png', 'fundraiser'),
(466, 'Meris Escott', 'mescottcx@nasa.gov', '6wWJvr', '429-691-2076', 'placeholder.png', 'fundraiser'),
(467, 'Daisi Burress', 'dburresscy@ovh.net', 'zShS6n', '159-570-0099', 'placeholder.png', 'fundraiser'),
(468, 'Tyler Sherrock', 'tsherrockcz@google.it', 'Ft7plv', '485-899-4152', 'placeholder.png', 'fundraiser'),
(469, 'Oneida Shevill', 'oshevilld0@baidu.com', '6Jr2ecbnN', '463-134-8278', 'placeholder.png', 'fundraiser'),
(470, 'Melli Joreau', 'mjoreaud1@un.org', 'IYtngk', '146-712-8957', 'placeholder.png', 'fundraiser'),
(471, 'Richmound Isaq', 'risaqd2@edublogs.org', 'qDrfXwOLlYE', '985-113-3094', 'placeholder.png', 'fundraiser'),
(472, 'Peggie Quinet', 'pquinetd3@w3.org', 'SWqRy7lMjiAD', '485-770-0479', 'placeholder.png', 'fundraiser'),
(473, 'Baxie Lindwall', 'blindwalld4@youtube.com', 'pNSzNR', '709-521-5267', 'placeholder.png', 'fundraiser'),
(474, 'Juliet Kings', 'jkingsd5@xinhuanet.com', 'uJy4Ml4Ra', '639-520-3578', 'placeholder.png', 'fundraiser'),
(475, 'Renato Gainsborough', 'rgainsboroughd6@guardian.co.uk', 'ArBCQLbtbM5H', '204-492-3143', 'placeholder.png', 'fundraiser'),
(476, 'Tiffie De Bischof', 'tded7@hibu.com', '0lqoLsGUzuqD', '317-291-2188', 'placeholder.png', 'fundraiser'),
(477, 'Tara Swindle', 'tswindled8@ted.com', 'Ok7vppqIxd7', '660-935-6835', 'placeholder.png', 'fundraiser'),
(478, 'Izabel Ffrench', 'iffrenchd9@wisc.edu', 'G1j0qNZRpvR', '384-874-8417', 'placeholder.png', 'fundraiser'),
(479, 'Mirabelle Inchcomb', 'minchcombda@linkedin.com', 'O9xgiUE0', '109-961-3159', 'placeholder.png', 'fundraiser'),
(480, 'Wilhelm Valois', 'wvaloisdb@webs.com', 'RfU27Gah5', '568-501-0922', 'placeholder.png', 'fundraiser'),
(481, 'Jania Flahive', 'jflahivedc@google.com.br', 'qoYGNmcSDvF', '319-605-6064', 'placeholder.png', 'fundraiser'),
(482, 'Meris Ledingham', 'mledinghamdd@upenn.edu', 'RX61d9fOueG', '523-537-5982', 'placeholder.png', 'fundraiser'),
(483, 'Tommie Brownlee', 'tbrownleede@imdb.com', 'ISj5qDY', '171-953-3386', 'placeholder.png', 'fundraiser'),
(484, 'Orbadiah Brotheridge', 'obrotheridgedf@shop-pro.jp', 'vjff1x40Ml', '304-642-8471', 'placeholder.png', 'fundraiser'),
(485, 'Levi Tapp', 'ltappdg@mysql.com', 'TKJ6IgwOK', '488-213-1654', 'placeholder.png', 'fundraiser'),
(486, 'Martica Maceur', 'mmaceurdh@typepad.com', 'KXNQidi', '678-508-3665', 'placeholder.png', 'fundraiser'),
(487, 'Maryann Briat', 'mbriatdi@diigo.com', 'eMrw6JVIk2', '144-677-9742', 'placeholder.png', 'fundraiser'),
(488, 'Augustine Yearnes', 'ayearnesdj@nhs.uk', 'OSiLUDIyi1A', '129-562-5081', 'placeholder.png', 'fundraiser'),
(489, 'Haley Feathers', 'hfeathersdk@sitemeter.com', 'wGm1fLRmO', '660-901-7532', 'placeholder.png', 'fundraiser'),
(490, 'Diarmid Pitney', 'dpitneydl@sina.com.cn', 'DmohiL7', '137-424-1627', 'placeholder.png', 'fundraiser'),
(491, 'Erroll Bowerbank', 'ebowerbankdm@cam.ac.uk', '16emmD', '382-493-4282', 'placeholder.png', 'fundraiser'),
(492, 'Hendrik Hartnup', 'hhartnupdn@amazon.co.uk', 'tGDVITi', '709-462-3086', 'placeholder.png', 'fundraiser'),
(493, 'Vassily McGowing', 'vmcgowingdo@1688.com', 'vhevyosMeAnI', '318-380-2329', 'placeholder.png', 'fundraiser'),
(494, 'Bobby Kinkaid', 'bkinkaiddp@washingtonpost.com', 'tqPuQiW', '836-948-1220', 'placeholder.png', 'fundraiser'),
(495, 'Carey Carnall', 'ccarnalldq@mit.edu', 'qe1KAW', '922-672-6993', 'placeholder.png', 'fundraiser'),
(496, 'Ara Yepiskov', 'ayepiskovdr@apple.com', 'etbZVT', '177-112-2454', 'placeholder.png', 'fundraiser'),
(497, 'Abner Verity', 'averityds@baidu.com', 'zOEKpKQvh', '347-128-7543', 'placeholder.png', 'deactive'),
(498, 'Rriocard Kevern', 'rkeverndt@nbcnews.com', 'OFs0zA6MBx', '922-234-2815', 'placeholder.png', 'fundraiser'),
(499, 'Kira Rosenfeld', 'krosenfelddu@biblegateway.com', 'Uw6cWY', '309-811-4443', 'placeholder.png', 'fundraiser'),
(500, 'Barby Reynold', 'breynolddv@blogs.com', 'J5UuAi0MAqC', '259-587-9835', 'placeholder.png', 'fundraiser'),
(501, 'haha', 'haha@gmail.com', '123', '123-123-123', NULL, NULL),
(502, 'Sarah Putri Amalia', 'sarahputriamalia@gmail.com', '123', '666-666-666', '502_Sarah_Putri_Amalia.jpg', 'fundraiser');

-- --------------------------------------------------------

--
-- Table structure for table `campaigns`
--

CREATE TABLE `campaigns` (
  `campaign_id` int(11) NOT NULL,
  `campaign_name` varchar(255) DEFAULT NULL,
  `campaign_description` varchar(255) DEFAULT NULL,
  `campaign_start` date DEFAULT NULL,
  `campaign_end` date DEFAULT NULL,
  `campaign_thumbnail` varchar(255) DEFAULT NULL,
  `campaign_target` varchar(255) DEFAULT NULL,
  `campaign_creator` int(11) DEFAULT NULL,
  `campaign_approval` varchar(255) DEFAULT NULL
) ENGINE=InnoDB DEFAULT CHARSET=utf8mb4 COLLATE=utf8mb4_general_ci;

--
-- Dumping data for table `campaigns`
--

INSERT INTO `campaigns` (`campaign_id`, `campaign_name`, `campaign_description`, `campaign_start`, `campaign_end`, `campaign_thumbnail`, `campaign_target`, `campaign_creator`, `campaign_approval`) VALUES
(1, 'Donasi UntukHnpads Iaxrp', 'Ayo bantu kami untuk  Ptmaid Qfxpe Lqaiag Huoepcp Ndf ', '2022-07-08', '2022-06-20', 'placeholder.jpg', '4976004', 1, NULL),
(2, 'Donasi UntukCihaxr Nfmxv', 'Ayo bantu kami untuk  Xpppst Dmcvw Yqcrzl Abauaec Kba ', '2022-09-27', '2022-07-19', 'placeholder.jpg', '5669666', 5, NULL),
(3, 'Donasi UntukLfnldw Zhxlc', 'Ayo bantu kami untuk  Mkwgan Stapm Jqyuri Owpfqal Uru ', '2023-02-13', '2022-07-25', 'placeholder.jpg', '6091015', 1, NULL),
(4, 'Donasi UntukMgnkzf Zyzmw', 'Ayo bantu kami untuk  Trqkhh Fizlr Qosjrw Aslhhan Oqs ', '2023-03-18', '2022-10-27', 'placeholder.jpg', '6680650', 1, NULL),
(5, 'Donasi UntukFlyrwy Goewf', 'Ayo bantu kami untuk  Flebin Juaqd Nxdwcg Aizxsih Miy ', '2023-01-07', '2022-09-18', 'placeholder.jpg', '9795856', 5, NULL),
(6, 'Donasi UntukPwnfdi Oldym', 'Ayo bantu kami untuk  Smfprk Iytpo Hfwvlw Azoyedk Vjw ', '2022-09-19', '2022-09-22', 'placeholder.jpg', '8557625', 1, NULL),
(7, 'Donasi UntukTuphrs Bbgla', 'Ayo bantu kami untuk  Xfjszf Mgmey Gzptmv Lmovvka Lrc ', '2022-10-15', '2023-06-27', 'placeholder.jpg', '6865491', 1, NULL),
(8, 'Donasi UntukWlsncs Ohnhl', 'Ayo bantu kami untuk  Wglhfa Malnm Xifaqm Gsvbadx Afi ', '2023-05-03', '2023-06-06', 'placeholder.jpg', '7575043', 1, NULL),
(9, 'Donasi UntukOhgpyb Ztudk', 'Ayo bantu kami untuk  Hgnelq Ufree Uptvfk Mgzrpod Trv ', '2023-01-05', '2023-01-14', 'placeholder.jpg', '2474010', 1, NULL),
(10, 'Donasi UntukHuzcaa Wvbyy', 'Ayo bantu kami untuk  Mggpto Zzmxb Mztgrz Izsivci Muy ', '2023-01-15', '2023-05-09', 'placeholder.jpg', '9689449', 1, NULL),
(11, 'Donasi UntukKmihie Hyrqg', 'Ayo bantu kami untuk  Dlrfht Vgjkv Cjdgbr Rptojxq Gwa ', '2022-06-21', '2022-12-09', 'placeholder.jpg', '2699822', 1, NULL),
(12, 'Donasi UntukOxrhsp Yuton', 'Ayo bantu kami untuk  Mexixm Lsbgg Jhgofs Nkdaeaj Lfa ', '2022-09-27', '2022-10-20', 'placeholder.jpg', '1286795', 5, NULL),
(13, 'Donasi UntukMdfngj Twncl', 'Ayo bantu kami untuk  Dmcxwz Orkvw Kabkmp Wlhuaxd Voi ', '2022-05-17', '2023-03-27', 'placeholder.jpg', '8064515', 1, NULL),
(14, 'Donasi UntukNoeyeo Bjymr', 'Ayo bantu kami untuk  Ncobtr Flmjv Cmpsxz Pzngrbs Tov ', '2023-05-15', '2023-07-13', 'placeholder.jpg', '4214937', 1, NULL),
(15, 'Donasi UntukMrzvll Zfywd', 'Ayo bantu kami untuk  Ikcpoi Hsijx Pgpuip Fxtdqdh Aqm ', '2022-09-08', '2023-07-18', 'placeholder.jpg', '9105851', 1, NULL),
(16, 'Donasi UntukRbhnni Apyjh', 'Ayo bantu kami untuk  Gyhccc Fsvfv Ffvhti Nrssots Bfz ', '2022-12-11', '2023-05-16', 'placeholder.jpg', '8466252', 1, NULL),
(17, 'Donasi UntukJqyzsk Yljri', 'Ayo bantu kami untuk  Asdorv Yvrfs Gyqerm Xbnhmzr Ycl ', '2022-11-21', '2022-08-24', 'placeholder.jpg', '5406078', 1, NULL),
(18, 'Donasi UntukWevbbo Cwmsw', 'Ayo bantu kami untuk  Jtswqd Bgudl Fsvhko Iqkqccd Ajr ', '2023-01-17', '2023-07-09', 'placeholder.jpg', '6603780', 1, NULL),
(19, 'Donasi UntukDquwrv Vgiit', 'Ayo bantu kami untuk  Flsnld Dornk Wsqxmj Wawslem Qzk ', '2022-08-05', '2022-09-03', 'placeholder.jpg', '4984763', 1, NULL),
(20, 'Donasi UntukUglwlm Jhoeg', 'Ayo bantu kami untuk  Fwwari Lllah Dimrkg Lgfayxn Jbq ', '2023-03-03', '2023-01-05', 'placeholder.jpg', '5736495', 1, NULL),
(21, 'Donasi UntukQfdiwp Iedaa', 'Ayo bantu kami untuk  Lynfdq Nixkg Izcobg Egpujfh Znu ', '2023-01-21', '2023-03-02', 'placeholder.jpg', '3557574', 1, NULL),
(22, 'Donasi UntukLnbcio Actss', 'Ayo bantu kami untuk  Jxunjd Zujou Feqjyz Jaqkquk Ren ', '2022-10-03', '2023-05-27', 'placeholder.jpg', '9973115', 1, NULL),
(23, 'Donasi UntukDrvbls Hzrsa', 'Ayo bantu kami untuk  Vbnzfo Mokam Ggftno Zmyatsf Vfu ', '2023-02-21', '2023-01-31', 'placeholder.jpg', '8854685', 1, NULL),
(24, 'Donasi UntukUloyxm Jspnj', 'Ayo bantu kami untuk  Rrdmsr Bigov Gooebu Elktgyz Vjp ', '2022-12-20', '2023-01-28', 'placeholder.jpg', '1468551', 1, NULL),
(25, 'Donasi UntukHdyicc Iikbs', 'Ayo bantu kami untuk  Wdcmqt Vajjw Wwdpob Xfoncys Jch ', '2023-05-19', '2023-05-31', 'placeholder.jpg', '2741274', 1, NULL),
(26, 'Donasi UntukRsiesf Sjdqg', 'Ayo bantu kami untuk  Psmgpz Wqsmp Efhajp Zxmppuy Xwc ', '2022-07-31', '2023-05-26', 'placeholder.jpg', '9501540', 1, NULL),
(27, 'Donasi UntukVjgnig Cndmv', 'Ayo bantu kami untuk  Umckbj Ttpbd Ecsovi Pkegvvk Qqn ', '2023-01-20', '2023-01-15', 'placeholder.jpg', '1239468', 1, NULL),
(28, 'Donasi UntukDhfgfm Zyuel', 'Ayo bantu kami untuk  Cwiiqr Oycvy Ddelku Ysjblbl Tqh ', '2023-05-09', '2023-07-04', 'placeholder.jpg', '5931019', 1, NULL),
(29, 'Donasi UntukYqesyc Uduhm', 'Ayo bantu kami untuk  Qawkfe Ogbvk Jsxigv Mryinix Hjr ', '2022-11-26', '2023-06-19', 'placeholder.jpg', '7462408', 1, NULL),
(30, 'Donasi UntukRjecor Hlwia', 'Ayo bantu kami untuk  Nkpoco Fscht Wwhmsp Mfwfkoo Srv ', '2023-06-03', '2023-01-29', 'placeholder.jpg', '4023052', 1, NULL),
(31, 'Donasi UntukDnwycf Munnc', 'Ayo bantu kami untuk  Zoiqna Jywwx Dykgal Hoxeeiy Jvn ', '2022-10-10', '2023-07-10', 'placeholder.jpg', '9427823', 1, NULL),
(32, 'Donasi UntukNixrja Kldqc', 'Ayo bantu kami untuk  Mrmgjp Tlrtd Qcluem Uixdgzx Uni ', '2023-02-17', '2023-04-04', 'placeholder.jpg', '3665508', 1, NULL),
(33, 'Donasi UntukLmxggx Nljtn', 'Ayo bantu kami untuk  Yccewd Gbwxp Vbvdhw Gmroqqx Kid ', '2023-02-20', '2023-06-19', 'placeholder.jpg', '8388807', 1, NULL),
(34, 'Donasi UntukQgzpyt Zjksv', 'Ayo bantu kami untuk  Caxchn Enrhy Ulsxlc Koecvdw Wcd ', '2023-04-09', '2023-02-04', 'placeholder.jpg', '5717015', 1, NULL),
(35, 'Donasi UntukZpiipm Dqiwi', 'Ayo bantu kami untuk  Jgdlff Rzaex Shcpmu Wrawlxq Vcw ', '2022-06-22', '2022-08-13', 'placeholder.jpg', '9367566', 1, NULL),
(36, 'Donasi UntukSwpsmn Yrodr', 'Ayo bantu kami untuk  Wlcqas Uqqci Pbvqqi Apomajr Cvp ', '2022-08-30', '2023-02-27', 'placeholder.jpg', '4017081', 1, NULL),
(37, 'Donasi UntukHdggeh Hnnvj', 'Ayo bantu kami untuk  Nzwqcz Lckfy Dqnrfy Kwvvvbk Ajg ', '2022-07-10', '2023-06-02', 'placeholder.jpg', '1728485', 1, NULL),
(38, 'Donasi UntukQuphft Qydgo', 'Ayo bantu kami untuk  Ixicmu Jvtnj Opyuzz Gnajnxx Eoz ', '2022-12-31', '2022-11-24', 'placeholder.jpg', '7894909', 1, NULL),
(39, 'Donasi UntukHfnfzo Yjyfh', 'Ayo bantu kami untuk  Deknvj Avewz Mmwhor Lraxjun Ivm ', '2022-09-29', '2023-06-09', 'placeholder.jpg', '1198083', 1, NULL),
(40, 'Donasi UntukEjxvvd Wyhhb', 'Ayo bantu kami untuk  Wdgtzn Esjfy Pfqcqs Nkokpmv Erq ', '2022-05-26', '2022-09-09', 'placeholder.jpg', '3780759', 1, NULL),
(41, 'Donasi UntukYmfyxq Azkor', 'Ayo bantu kami untuk  Susnly Tntes Zzealy Neshpni Zst ', '2022-11-10', '2023-05-12', 'placeholder.jpg', '9440735', 1, NULL),
(42, 'Donasi UntukItuohu Qexpk', 'Ayo bantu kami untuk  Ntgffp Wfzxb Dzydty Tmmvoza Skn ', '2023-04-03', '2023-06-22', 'placeholder.jpg', '4040226', 1, NULL),
(43, 'Donasi UntukIwnoxg Prvji', 'Ayo bantu kami untuk  Yoxjug Obqjt Ophqgq Kbfewrz Upo ', '2022-07-03', '2022-08-30', 'placeholder.jpg', '6721614', 1, NULL),
(44, 'Donasi UntukQjaljf Cvkct', 'Ayo bantu kami untuk  Rhnyaw Gnogr Qgxxjh Bilmkwi Tyw ', '2023-05-04', '2023-04-14', 'placeholder.jpg', '5025479', 1, NULL),
(45, 'Donasi UntukDziira Bxqmw', 'Ayo bantu kami untuk  Jbclgn Heypj Tvnqas Uowtobj Tmz ', '2022-08-19', '2023-05-29', 'placeholder.jpg', '4157624', 1, NULL),
(46, 'Donasi UntukRgdnfc Zjvms', 'Ayo bantu kami untuk  Oeqgwc Ldqlw Ccakrf Hyhrhdd Eso ', '2023-02-20', '2023-07-03', 'placeholder.jpg', '7643055', 1, NULL),
(47, 'Donasi UntukWwkxuc Yfoxt', 'Ayo bantu kami untuk  Ghzwvd Zypsn Sgesea Jqonlff Xdi ', '2022-08-15', '2023-02-18', 'placeholder.jpg', '9252706', 1, NULL),
(48, 'Donasi UntukCbsvhq Wxasc', 'Ayo bantu kami untuk  Inuigo Obozx Ralebi Bprmjfz Ybk ', '2023-04-13', '2022-11-17', 'placeholder.jpg', '5146788', 1, NULL),
(49, 'Donasi UntukMplihg Rvvod', 'Ayo bantu kami untuk  Wlknfa Mfktt Nmhmxr Vpxphfc Gao ', '2022-07-06', '2023-02-28', 'placeholder.jpg', '1670720', 1, NULL),
(50, 'Donasi UntukKjixdy Senop', 'Ayo bantu kami untuk  Vrdbmm Hpkbb Jeqmls Jyvjgiy Mvc ', '2022-08-26', '2022-08-28', 'placeholder.jpg', '5673725', 1, NULL),
(51, 'Donasi UntukOqiknj Nijil', 'Ayo bantu kami untuk  Ofxcgi Nyfkj Yppdze Ljkesjd Cpj ', '2023-03-31', '2022-08-09', 'placeholder.jpg', '1784744', 1, NULL),
(52, 'Donasi UntukGszqqs Yzkso', 'Ayo bantu kami untuk  Yawckr Umkdw Hihwym Xdovgdt Goi ', '2023-06-07', '2023-07-25', 'placeholder.jpg', '2522486', 1, NULL),
(53, 'Donasi UntukJtwgay Cipep', 'Ayo bantu kami untuk  Hmbtey Dhsuu Lixfrj Txqmbcs Erh ', '2023-03-03', '2022-10-16', 'placeholder.jpg', '2973588', 1, NULL),
(54, 'Donasi UntukJxvdre Xvdvy', 'Ayo bantu kami untuk  Bsumuz Smycw Iohvwh Hfzmazl Rdl ', '2022-11-09', '2022-06-26', 'placeholder.jpg', '2882350', 1, NULL),
(55, 'Donasi UntukOzagri Bbrbx', 'Ayo bantu kami untuk  Xmsaov Ueltc Ubcmia Mzzfwxa Ueh ', '2022-07-07', '2023-07-13', 'placeholder.jpg', '3283937', 1, NULL),
(56, 'Donasi UntukWacboq Dkiro', 'Ayo bantu kami untuk  Qsjxbj Yopki Jlighe Qhrnwaw Fmg ', '2022-08-08', '2022-11-20', 'placeholder.jpg', '5939813', 1, NULL),
(57, 'Donasi UntukMavklu Rvzei', 'Ayo bantu kami untuk  Kdbtea Aoknw Zodteo Fnrgmcm Hpp ', '2022-09-27', '2023-07-01', 'placeholder.jpg', '1914781', 1, NULL),
(58, 'Donasi UntukAuwbnl Apehl', 'Ayo bantu kami untuk  Wfhjij Eqtxu Swtrid Sprxnva Jph ', '2022-05-09', '2023-05-02', 'placeholder.jpg', '6924351', 1, NULL),
(59, 'Donasi UntukMicdbh Vwlzv', 'Ayo bantu kami untuk  Wdiviz Isxgc Yegzdh Mxllgun Tot ', '2023-05-21', '2023-04-09', 'placeholder.jpg', '8489944', 1, NULL),
(60, 'Donasi UntukOkwrqg Pxtop', 'Ayo bantu kami untuk  Ficbei Kwdsf Hdeane Hebvupo Lnf ', '2022-10-29', '2022-10-06', 'placeholder.jpg', '6445018', 1, NULL),
(61, 'Donasi UntukMzchfn Xoekk', 'Ayo bantu kami untuk  Izlzrg Icwef Frllzp Xkrdmzy Vrk ', '2022-06-19', '2023-04-18', 'placeholder.jpg', '5558284', 1, NULL),
(62, 'Donasi UntukZsmwta Rdmbi', 'Ayo bantu kami untuk  Vhvyno Siysp Mhjass Flbfecz Cyb ', '2022-09-21', '2022-07-19', 'placeholder.jpg', '3842329', 1, NULL),
(63, 'Donasi UntukBdctyl Bbyuw', 'Ayo bantu kami untuk  Oodffr Cyyic Bdchko Cziqdtf Cka ', '2022-08-11', '2022-06-14', 'placeholder.jpg', '6614087', 1, NULL),
(64, 'Donasi UntukFfkrzu Lyhqb', 'Ayo bantu kami untuk  Qaagsv Cybwp Jylyig Vmmoqyg Cop ', '2023-01-13', '2023-07-11', 'placeholder.jpg', '6310879', 1, NULL),
(65, 'Donasi UntukKahppv Kugph', 'Ayo bantu kami untuk  Fsfqik Retgf Txpheb Lwfdshf Tsh ', '2023-04-06', '2022-08-21', 'placeholder.jpg', '7239881', 1, NULL),
(66, 'Donasi UntukUbjqqe Mmonp', 'Ayo bantu kami untuk  Hbjlxu Lwvlt Vnksam Wfdjysb Cti ', '2023-04-22', '2022-09-01', 'placeholder.jpg', '5074151', 1, NULL),
(67, 'Donasi UntukJmkdwa Muoac', 'Ayo bantu kami untuk  Ddbxcl Okuew Dnjdtj Bmkfswn Zjy ', '2023-04-18', '2023-05-18', 'placeholder.jpg', '3514572', 1, NULL),
(68, 'Donasi UntukMtckou Fdsso', 'Ayo bantu kami untuk  Aoitem Lptql Pyholv Nznxmbb Ujj ', '2023-01-15', '2022-07-09', 'placeholder.jpg', '9577304', 1, NULL),
(69, 'Donasi UntukGagiih Wazbh', 'Ayo bantu kami untuk  Yndxut Tjamd Nwiana Jbfaoxw Iin ', '2022-12-16', '2022-10-24', 'placeholder.jpg', '4486858', 1, NULL),
(70, 'Donasi UntukQflosw Wthqd', 'Ayo bantu kami untuk  Gkthve Dyzjj Qdhlxe Dbwehqf Ydx ', '2022-08-05', '2022-12-08', 'placeholder.jpg', '4888854', 1, NULL),
(71, 'Donasi UntukBrrxnr Vricn', 'Ayo bantu kami untuk  Gmkmae Gtsnw Bczfvi Mgyxksx Juy ', '2023-02-17', '2022-09-22', 'placeholder.jpg', '8459336', 1, NULL),
(72, 'Donasi UntukLaiwzi Etqkh', 'Ayo bantu kami untuk  Spbrwa Qiwui Qvaqgb Subduty Iwj ', '2022-08-02', '2022-11-19', 'placeholder.jpg', '6300990', 1, NULL),
(73, 'Donasi UntukKqiosm Ysgum', 'Ayo bantu kami untuk  Eslzvj Rtvhv Duxzxd Zitsple Jjn ', '2022-11-19', '2023-05-06', 'placeholder.jpg', '5950505', 1, NULL),
(74, 'Donasi UntukDxvjts Gbblg', 'Ayo bantu kami untuk  Uwevmh Brwwf Feswfe Opefpcs Skb ', '2023-04-01', '2023-03-27', 'placeholder.jpg', '6289610', 1, NULL),
(75, 'Donasi UntukDzxxhj Qyqmh', 'Ayo bantu kami untuk  Gaghmk Inpap Ltdapt Ytebwpq Qgm ', '2023-06-03', '2022-06-15', 'placeholder.jpg', '1100981', 1, NULL),
(76, 'Donasi UntukKtqmrj Dntfu', 'Ayo bantu kami untuk  Groydv Jgecw Klgawl Mdpwqev Wpe ', '2022-12-21', '2023-01-01', 'placeholder.jpg', '8665353', 1, NULL),
(77, 'Donasi UntukZiwezt Nzepl', 'Ayo bantu kami untuk  Sxsnxw Bwhns Jjhhci Sjfnivr Afn ', '2023-05-10', '2022-09-03', 'placeholder.jpg', '7531179', 1, NULL),
(78, 'Donasi UntukFyftki Mgmoz', 'Ayo bantu kami untuk  Vekluz Giyca Wjzcft Sgudfzn Len ', '2022-10-13', '2022-07-21', 'placeholder.jpg', '1988632', 1, NULL),
(79, 'Donasi UntukOgczqr Qdtek', 'Ayo bantu kami untuk  Qdveti Egwyp Bmxfmi Xbmhnvn Pgy ', '2023-05-30', '2022-12-23', 'placeholder.jpg', '1187055', 1, NULL),
(80, 'Donasi UntukGebqfb Hzkfd', 'Ayo bantu kami untuk  Hmdpwf Uhivr Rmnpvz Fdopwbo Sqn ', '2022-11-27', '2023-07-23', 'placeholder.jpg', '4845323', 1, NULL),
(81, 'Donasi UntukUlhyxx Uvqky', 'Ayo bantu kami untuk  Iprzgv Khbrp Vasrde Nblpqyd Smd ', '2023-02-25', '2023-05-26', 'placeholder.jpg', '6279881', 1, NULL),
(82, 'Donasi UntukOwspmm Mhxbk', 'Ayo bantu kami untuk  Mejtrs Izbge Uiuhch Wunddxz Mcc ', '2023-03-09', '2023-06-18', 'placeholder.jpg', '6366016', 1, NULL),
(83, 'Donasi UntukTabcwb Sukrv', 'Ayo bantu kami untuk  Pggzlw Ubhtf Oabicc Sulgzpw Dfh ', '2023-06-03', '2022-07-17', 'placeholder.jpg', '4245337', 1, NULL),
(84, 'Donasi UntukGblerk Gtxra', 'Ayo bantu kami untuk  Fyyxei Rmhrq Tczcju Fzpzqgw Mjs ', '2023-04-25', '2023-07-24', 'placeholder.jpg', '8134764', 1, NULL),
(85, 'Donasi UntukBlqlct Bavjx', 'Ayo bantu kami untuk  Kzshxv Jnlkx Jihrlm Oakvjgq Vjb ', '2022-05-27', '2023-05-13', 'placeholder.jpg', '7734454', 1, NULL),
(86, 'Donasi UntukSvaxdw Aqbrb', 'Ayo bantu kami untuk  Fgokfd Xgfwv Zaeovx Nkgdwfo Nmn ', '2023-06-06', '2023-01-16', 'placeholder.jpg', '5592251', 1, NULL),
(87, 'Donasi UntukCeqmca Cpqju', 'Ayo bantu kami untuk  Yiidvu Gepcx Jjfipz Gujnyic Zdn ', '2022-06-09', '2023-04-12', 'placeholder.jpg', '4756879', 1, NULL),
(88, 'Donasi UntukEgwfci Cylfc', 'Ayo bantu kami untuk  Jrousk Otocj Tokgkq Xmtodcd Trr ', '2023-03-26', '2022-11-29', 'placeholder.jpg', '7394388', 1, NULL),
(89, 'Donasi UntukTxsdxq Nvlio', 'Ayo bantu kami untuk  Rzyiwm Wfeto Davbfj Ehzkwth Zzb ', '2022-12-30', '2023-07-18', 'placeholder.jpg', '2837119', 1, NULL),
(90, 'Donasi UntukFgjbwy Vxene', 'Ayo bantu kami untuk  Iinyxo Uxcml Gaknbx Hroeqvf Mqd ', '2022-05-30', '2022-07-19', 'placeholder.jpg', '9698030', 1, NULL),
(91, 'Donasi UntukNhqnwz Uzclz', 'Ayo bantu kami untuk  Yaeevf Eclme Poitje Cfwuuft Dql ', '2023-04-09', '2023-04-29', 'placeholder.jpg', '2380466', 1, NULL),
(92, 'Donasi UntukRoldwr Cfoes', 'Ayo bantu kami untuk  Nuyrmz Nqgnm Wuhrjl Vdaeasr Keu ', '2022-05-23', '2023-04-25', 'placeholder.jpg', '1637761', 1, '1'),
(93, 'Donasi UntukDbrxis Hqfbq', 'Ayo bantu kami untuk  Cuifpv Hwvwm Mejwqd Rvjwjse Mox ', '2023-02-24', '2023-02-25', 'placeholder.jpg', '8925360', 1, NULL),
(94, 'Donasi UntukQrlzxq Wpjmb', 'Ayo bantu kami untuk  Iqkytw Zyyhu Mxkeqz Xqkwkuy Aut ', '2022-08-30', '2022-08-19', 'placeholder.jpg', '3797908', 1, NULL),
(95, 'Donasi UntukEbalrv Iqktr', 'Ayo bantu kami untuk  Ywrelz Qlsus Pcplsk Olzzxet Scj ', '2023-06-02', '2022-09-28', 'placeholder.jpg', '5900048', 1, NULL),
(96, 'Donasi UntukWmbjxk Qyczy', 'Ayo bantu kami untuk  Bgpydh Unkoh Fqegpi Bfjgitk Cte ', '2023-03-09', '2023-05-04', 'placeholder.jpg', '2744806', 1, NULL),
(97, 'Donasi UntukSytfvk Nbith', 'Ayo bantu kami untuk  Yikuvq Rqrqj Oglsuf Gsmcniq Gls ', '2022-06-16', '2022-07-09', 'placeholder.jpg', '9894471', 1, NULL),
(98, 'Donasi UntukZgiocd Fyojr', 'Ayo bantu kami untuk  Gzhqtf Pmipv Nybdja Tjnzpbp Szr ', '2022-09-20', '2023-01-29', 'placeholder.jpg', '7985515', 1, '1'),
(99, 'Donasi UntukIxqyhe Dbprw', 'Ayo bantu kami untuk  Lbuxnq Zcxvi Gmlabn Lpesjwj Smw ', '2022-10-05', '2023-07-28', 'placeholder.jpg', '4048841', 1, '1'),
(100, 'Donasi UntukRqbula Xrvxj', 'Ayo bantu kami untuk  Ykpwvf Mgsac Qoebgo Xqdrzrk Tsr ', '2022-11-18', '2023-03-19', 'placeholder.jpg', '4129809', 1, NULL),
(101, 'test', 'test', '2023-05-29', '2023-06-13', '101_test.png', '123123123', NULL, '1'),
(102, '123', '123', '2023-06-07', '2023-06-15', '102_123.png', '123123123', 5, '2'),
(103, 'daawdawd', 'adwawd', '2023-06-13', '2023-06-21', '_.jpg', '123123123123', 5, '2'),
(104, 'testadad', 'teasada', '0002-02-22', '0002-02-22', '5_testadad.jpg', '124124', 5, '2'),
(105, 'daawdawds', '22233', '2023-06-13', '2023-06-21', '105_daawdawds.jpg', '123123123123', 5, '1'),
(106, 'daawdawds', 'adwawd', '2023-06-13', '2023-06-21', '106_daawdawds.jpg', '123123123123', 5, '1'),
(107, 'Donasi Untuk Messi', 'adwawdsss', '2023-06-13', '2023-06-21', '107_Donasi_Untuk_Messi.jpg', '123123123123', 5, '1'),
(108, 'Donasi Untuk Ronaldo', 'Bantu anak bernama Ronaldo', '2023-05-31', '2023-06-29', '108_Donasi_Untuk_Ronaldo.png', '2500000', 502, '1');

-- --------------------------------------------------------

--
-- Table structure for table `donations`
--

CREATE TABLE `donations` (
  `donation_id` int(11) NOT NULL,
  `donation_account` int(11) DEFAULT NULL,
  `donation_campaign` int(11) DEFAULT NULL,
  `donation_date` date DEFAULT NULL,
  `donation_amount` varchar(255) DEFAULT NULL,
  `donation_payment` varchar(255) DEFAULT NULL
) ENGINE=InnoDB DEFAULT CHARSET=utf8mb4 COLLATE=utf8mb4_general_ci;

--
-- Dumping data for table `donations`
--

INSERT INTO `donations` (`donation_id`, `donation_account`, `donation_campaign`, `donation_date`, `donation_amount`, `donation_payment`) VALUES
(1, 76, 40, '2023-01-21', '800000', NULL),
(2, 28, 99, '2023-01-28', '700000', NULL),
(3, 72, 75, '2022-06-04', '400000', NULL),
(4, 28, 86, '2022-07-12', '100000', NULL),
(5, 23, 84, '2023-03-14', '200000', NULL),
(6, 59, 83, '2022-11-08', '300000', NULL),
(7, 11, 27, '2023-05-15', '100000', NULL),
(8, 73, 95, '2022-12-12', '400000', NULL),
(9, 20, 38, '2023-04-12', '500000', NULL),
(10, 95, 83, '2022-06-10', '500000', NULL),
(11, 14, 2, '2023-03-25', '600000', NULL),
(12, 92, 1, '2022-06-01', '000000', NULL),
(13, 66, 10, '2023-03-26', '700000', NULL),
(14, 52, 98, '2022-10-13', '000000', NULL),
(15, 90, 96, '2023-03-28', '500000', NULL),
(16, 33, 55, '2022-10-19', '500000', NULL),
(17, 77, 71, '2022-07-13', '700000', NULL),
(18, 20, 38, '2022-11-27', '000000', NULL),
(19, 32, 73, '2022-05-22', '000000', NULL),
(20, 92, 88, '2023-04-16', '800000', NULL),
(21, 45, 99, '2022-08-19', '500000', NULL),
(22, 75, 45, '2022-12-17', '300000', NULL),
(23, 53, 3, '2022-07-16', '200000', NULL),
(24, 16, 83, '2022-07-30', '500000', NULL),
(25, 83, 96, '2022-07-18', '300000', NULL),
(26, 83, 39, '2022-05-24', '100000', NULL),
(27, 87, 14, '2023-02-01', '600000', NULL),
(28, 37, 49, '2023-01-07', '900000', NULL),
(29, 81, 76, '2022-08-13', '200000', NULL),
(30, 89, 8, '2022-12-30', '800000', NULL),
(31, 30, 8, '2023-04-17', '000000', NULL),
(32, 3, 22, '2023-04-15', '300000', NULL),
(33, 15, 83, '2022-11-21', '000000', NULL),
(34, 85, 55, '2022-12-16', '000000', NULL),
(35, 85, 10, '2022-11-05', '400000', NULL),
(36, 2, 81, '2022-09-08', '200000', NULL),
(37, 85, 62, '2022-08-12', '200000', NULL),
(38, 96, 38, '2022-11-11', '000000', NULL),
(39, 54, 96, '2022-12-05', '100000', NULL),
(40, 7, 33, '2023-02-22', '200000', NULL),
(41, 70, 38, '2023-01-15', '100000', NULL),
(42, 44, 73, '2022-11-07', '400000', NULL),
(43, 59, 13, '2022-10-20', '700000', NULL),
(44, 16, 72, '2022-06-06', '300000', NULL),
(45, 9, 55, '2023-01-20', '700000', NULL),
(46, 12, 76, '2022-08-25', '400000', NULL),
(47, 65, 5, '2022-11-23', '600000', NULL),
(48, 85, 19, '2022-09-10', '500000', NULL),
(49, 57, 80, '2022-12-04', '900000', NULL),
(50, 43, 36, '2023-02-25', '600000', NULL),
(51, 28, 20, '2022-07-17', '400000', NULL),
(52, 71, 68, '2022-07-28', '000000', NULL),
(53, 55, 89, '2023-01-12', '200000', NULL),
(54, 3, 18, '2022-07-26', '200000', NULL),
(55, 71, 70, '2022-07-14', '600000', NULL),
(56, 43, 73, '2023-05-15', '900000', NULL),
(57, 86, 22, '2023-04-24', '500000', NULL),
(58, 90, 23, '2022-08-01', '400000', NULL),
(59, 34, 54, '2023-02-05', '400000', NULL),
(60, 74, 30, '2023-06-09', '200000', NULL),
(61, 26, 27, '2022-12-10', '400000', NULL),
(62, 35, 31, '2023-01-31', '300000', NULL),
(63, 83, 90, '2022-08-08', '600000', NULL),
(64, 11, 57, '2022-08-14', '900000', NULL),
(65, 17, 43, '2023-06-06', '400000', NULL),
(66, 58, 6, '2023-02-17', '600000', NULL),
(67, 31, 89, '2022-09-16', '800000', NULL),
(68, 89, 52, '2022-09-28', '300000', NULL),
(69, 70, 75, '2023-03-26', '500000', NULL),
(70, 87, 70, '2023-04-12', '900000', NULL),
(71, 80, 74, '2022-08-18', '600000', NULL),
(72, 32, 2, '2022-12-31', '800000', NULL),
(73, 32, 50, '2022-11-11', '500000', NULL),
(74, 30, 1, '2023-05-22', '800000', NULL),
(75, 26, 20, '2022-07-01', '600000', NULL),
(76, 28, 6, '2022-10-16', '600000', NULL),
(77, 11, 51, '2022-06-22', '100000', NULL),
(78, 27, 70, '2023-03-09', '600000', NULL),
(79, 74, 15, '2022-10-29', '600000', NULL),
(80, 29, 61, '2022-06-07', '100000', NULL),
(81, 9, 31, '2023-05-02', '300000', NULL),
(82, 75, 7, '2023-04-30', '700000', NULL),
(83, 92, 48, '2022-06-04', '600000', NULL),
(84, 65, 96, '2022-09-28', '400000', NULL),
(85, 37, 12, '2023-03-15', '600000', NULL),
(86, 94, 32, '2022-11-30', '200000', NULL),
(87, 69, 98, '2022-12-15', '700000', NULL),
(88, 27, 45, '2022-09-19', '400000', NULL),
(89, 3, 58, '2023-04-29', '500000', NULL),
(90, 99, 45, '2023-04-16', '100000', NULL),
(91, 58, 12, '2023-03-09', '500000', NULL),
(92, 11, 34, '2022-09-17', '600000', NULL),
(93, 27, 85, '2022-07-12', '800000', NULL),
(94, 69, 7, '2023-05-31', '400000', NULL),
(95, 30, 41, '2022-06-21', '500000', NULL),
(96, 99, 7, '2023-04-06', '600000', NULL),
(97, 56, 88, '2022-06-07', '100000', NULL),
(98, 14, 64, '2022-09-06', '400000', NULL),
(99, 18, 21, '2023-03-04', '800000', NULL),
(100, 25, 28, '2023-03-27', '500000', NULL),
(101, 87, 72, '2022-08-23', '700000', NULL),
(102, 60, 87, '2023-03-20', '400000', NULL),
(103, 61, 59, '2023-04-08', '800000', NULL),
(104, 56, 42, '2022-09-12', '900000', NULL),
(105, 4, 26, '2022-06-03', '400000', NULL),
(106, 22, 42, '2022-11-05', '000000', NULL),
(107, 55, 18, '2022-06-19', '100000', NULL),
(108, 26, 35, '2022-09-09', '200000', NULL),
(109, 67, 45, '2022-12-17', '400000', NULL),
(110, 81, 79, '2022-07-23', '600000', NULL),
(111, 69, 97, '2022-07-24', '400000', NULL),
(112, 82, 46, '2022-08-26', '200000', NULL),
(113, 11, 28, '2023-04-11', '100000', NULL),
(114, 85, 63, '2022-11-02', '400000', NULL),
(115, 28, 35, '2022-10-15', '700000', NULL),
(116, 98, 40, '2023-01-22', '900000', NULL),
(117, 86, 19, '2022-11-07', '300000', NULL),
(118, 90, 67, '2023-05-28', '500000', NULL),
(119, 98, 4, '2022-07-17', '000000', NULL),
(120, 32, 64, '2022-05-27', '500000', NULL),
(121, 39, 17, '2022-10-17', '100000', NULL),
(122, 13, 66, '2022-09-15', '400000', NULL),
(123, 64, 92, '2022-12-12', '200000', NULL),
(124, 84, 84, '2023-03-08', '100000', NULL),
(125, 37, 76, '2022-08-03', '700000', NULL),
(126, 91, 29, '2022-10-03', '400000', NULL),
(127, 88, 9, '2022-09-05', '500000', NULL),
(128, 83, 30, '2022-06-25', '900000', NULL),
(129, 66, 93, '2022-12-31', '300000', NULL),
(130, 42, 14, '2023-02-12', '600000', NULL),
(131, 20, 53, '2022-08-13', '800000', NULL),
(132, 6, 77, '2022-10-07', '000000', NULL),
(133, 1, 22, '2023-02-23', '200000', NULL),
(134, 93, 68, '2022-06-24', '700000', NULL),
(135, 37, 55, '2022-12-19', '900000', NULL),
(136, 50, 80, '2022-07-23', '300000', NULL),
(137, 99, 92, '2023-06-01', '400000', NULL),
(138, 20, 47, '2023-02-15', '500000', NULL),
(139, 51, 80, '2023-02-11', '200000', NULL),
(140, 41, 56, '2023-04-26', '500000', NULL),
(141, 9, 81, '2023-05-21', '800000', NULL),
(142, 98, 79, '2023-05-05', '300000', NULL),
(143, 51, 3, '2022-06-21', '400000', NULL),
(144, 97, 50, '2022-07-07', '400000', NULL),
(145, 54, 60, '2022-09-28', '000000', NULL),
(146, 91, 69, '2023-01-20', '000000', NULL),
(147, 48, 88, '2022-10-03', '700000', NULL),
(148, 81, 16, '2023-04-29', '200000', NULL),
(149, 4, 79, '2022-08-21', '600000', NULL),
(150, 30, 44, '2022-12-21', '600000', NULL),
(151, 76, 8, '2022-11-16', '800000', NULL),
(152, 58, 97, '2023-05-23', '500000', NULL),
(153, 91, 86, '2022-09-23', '600000', NULL),
(154, 88, 26, '2022-09-16', '500000', NULL),
(155, 6, 59, '2023-01-04', '400000', NULL),
(156, 83, 64, '2023-05-28', '500000', NULL),
(157, 98, 79, '2022-07-21', '800000', NULL),
(158, 3, 30, '2022-11-11', '200000', NULL),
(159, 13, 60, '2022-08-15', '400000', NULL),
(160, 67, 21, '2022-11-05', '700000', NULL),
(161, 62, 78, '2022-10-14', '100000', NULL),
(162, 85, 50, '2023-02-03', '700000', NULL),
(163, 78, 71, '2022-06-14', '000000', NULL),
(164, 88, 24, '2023-01-06', '900000', NULL),
(165, 81, 32, '2022-11-29', '100000', NULL),
(166, 25, 91, '2023-06-05', '600000', NULL),
(167, 88, 16, '2023-02-07', '700000', NULL),
(168, 38, 68, '2023-05-21', '600000', NULL),
(169, 88, 63, '2023-02-16', '200000', NULL),
(170, 38, 66, '2023-03-03', '600000', NULL),
(171, 94, 81, '2022-08-16', '100000', NULL),
(172, 88, 40, '2022-09-29', '800000', NULL),
(173, 89, 49, '2023-03-05', '300000', NULL),
(174, 77, 15, '2023-04-09', '100000', NULL),
(175, 75, 67, '2023-06-05', '200000', NULL),
(176, 15, 75, '2022-10-30', '800000', NULL),
(177, 14, 29, '2023-03-25', '100000', NULL),
(178, 41, 46, '2022-12-24', '100000', NULL),
(179, 64, 72, '2022-06-02', '200000', NULL),
(180, 30, 78, '2022-07-01', '400000', NULL),
(181, 54, 7, '2022-09-14', '300000', NULL),
(182, 6, 70, '2023-03-29', '900000', NULL),
(183, 73, 85, '2023-02-13', '500000', NULL),
(184, 55, 77, '2023-02-02', '500000', NULL),
(185, 47, 91, '2022-11-26', '000000', NULL),
(186, 49, 71, '2023-01-30', '700000', NULL),
(187, 91, 3, '2022-12-31', '200000', NULL),
(188, 48, 57, '2023-01-21', '100000', NULL),
(189, 40, 100, '2023-05-26', '600000', NULL),
(190, 13, 33, '2022-08-06', '700000', NULL),
(191, 94, 61, '2022-10-09', '100000', NULL),
(192, 17, 52, '2023-03-17', '400000', NULL),
(193, 100, 90, '2023-05-12', '200000', NULL),
(194, 30, 93, '2023-06-04', '600000', NULL),
(195, 47, 58, '2022-09-05', '600000', NULL),
(196, 11, 16, '2022-12-05', '500000', NULL),
(197, 88, 89, '2023-05-31', '500000', NULL),
(198, 65, 75, '2022-07-20', '900000', NULL),
(199, 6, 15, '2022-12-22', '800000', NULL),
(200, 67, 25, '2022-11-03', '500000', NULL),
(201, 42, 1, '2023-04-17', '500000', NULL),
(202, 54, 35, '2023-02-15', '100000', NULL),
(203, 9, 84, '2022-12-21', '000000', NULL),
(204, 97, 81, '2022-10-11', '500000', NULL),
(205, 72, 11, '2022-06-08', '600000', NULL),
(206, 72, 15, '2022-07-17', '700000', NULL),
(207, 72, 29, '2023-02-14', '200000', NULL),
(208, 71, 60, '2022-10-14', '800000', NULL),
(209, 96, 11, '2022-11-21', '700000', NULL),
(210, 96, 5, '2023-02-06', '600000', NULL),
(211, 4, 65, '2023-04-09', '900000', NULL),
(212, 3, 97, '2022-06-02', '400000', NULL),
(213, 58, 78, '2023-05-05', '700000', NULL),
(214, 41, 95, '2023-02-16', '600000', NULL),
(215, 29, 35, '2022-08-21', '100000', NULL),
(216, 55, 80, '2022-10-10', '300000', NULL),
(217, 65, 47, '2023-05-08', '300000', NULL),
(218, 23, 4, '2022-08-18', '400000', NULL),
(219, 44, 63, '2023-03-04', '700000', NULL),
(220, 55, 86, '2022-08-01', '500000', NULL),
(221, 72, 37, '2022-08-28', '200000', NULL),
(222, 90, 59, '2022-09-10', '400000', NULL),
(223, 76, 75, '2023-01-13', '200000', NULL),
(224, 26, 29, '2022-11-29', '700000', NULL),
(225, 47, 7, '2022-11-27', '400000', NULL),
(226, 76, 54, '2023-06-03', '900000', NULL),
(227, 27, 29, '2022-08-02', '600000', NULL),
(228, 40, 72, '2023-01-03', '200000', NULL),
(229, 99, 99, '2022-11-29', '600000', NULL),
(230, 52, 9, '2022-08-04', '900000', NULL),
(231, 1, 30, '2023-04-10', '300000', NULL),
(232, 59, 1, '2022-11-14', '900000', NULL),
(233, 42, 42, '2023-04-16', '700000', NULL),
(234, 33, 28, '2023-04-17', '300000', NULL),
(235, 25, 77, '2023-04-22', '600000', NULL),
(236, 74, 11, '2022-07-12', '400000', NULL),
(237, 44, 5, '2023-01-24', '900000', NULL),
(238, 82, 56, '2022-11-20', '700000', NULL),
(239, 46, 89, '2022-09-20', '800000', NULL),
(240, 16, 38, '2023-02-21', '900000', NULL),
(241, 14, 46, '2023-01-05', '600000', NULL),
(242, 21, 72, '2023-05-09', '900000', NULL),
(243, 28, 32, '2022-07-08', '800000', NULL),
(244, 26, 26, '2022-09-15', '400000', NULL),
(245, 11, 34, '2022-11-17', '000000', NULL),
(246, 48, 49, '2022-12-27', '600000', NULL),
(247, 39, 61, '2022-11-23', '700000', NULL),
(248, 79, 24, '2023-06-07', '200000', NULL),
(249, 91, 50, '2022-10-02', '400000', NULL),
(250, 13, 8, '2023-05-01', '900000', NULL),
(251, 57, 87, '2023-05-25', '100000', NULL),
(252, 54, 6, '2022-12-02', '400000', NULL),
(253, 94, 43, '2023-04-01', '500000', NULL),
(254, 2, 36, '2022-05-20', '800000', NULL),
(255, 89, 78, '2022-08-11', '300000', NULL),
(256, 74, 29, '2022-12-14', '600000', NULL),
(257, 46, 32, '2022-07-22', '300000', NULL),
(258, 18, 25, '2023-04-27', '500000', NULL),
(259, 43, 82, '2023-03-18', '700000', NULL),
(260, 5, 48, '2022-12-25', '600000', NULL),
(261, 4, 83, '2023-04-28', '400000', NULL),
(262, 99, 57, '2022-12-17', '700000', NULL),
(263, 33, 53, '2022-06-30', '600000', NULL),
(264, 57, 83, '2022-11-12', '500000', NULL),
(265, 59, 80, '2022-05-24', '200000', NULL),
(266, 2, 86, '2022-12-16', '100000', NULL),
(267, 2, 97, '2023-02-06', '500000', NULL),
(268, 66, 46, '2022-10-25', '200000', NULL),
(269, 54, 4, '2023-04-17', '600000', NULL),
(270, 45, 99, '2023-01-23', '100000', NULL),
(271, 16, 8, '2023-03-21', '500000', NULL),
(272, 99, 90, '2022-07-06', '500000', NULL),
(273, 57, 71, '2023-04-23', '700000', NULL),
(274, 51, 97, '2023-03-26', '800000', NULL),
(275, 47, 99, '2022-09-30', '700000', NULL),
(276, 75, 14, '2022-05-20', '000000', NULL),
(277, 4, 75, '2022-12-27', '700000', NULL),
(278, 10, 83, '2023-02-26', '900000', NULL),
(279, 8, 9, '2022-06-16', '300000', NULL),
(280, 24, 11, '2022-07-11', '500000', NULL),
(281, 81, 80, '2023-04-25', '800000', NULL),
(282, 35, 83, '2022-09-30', '300000', NULL),
(283, 13, 77, '2023-01-30', '900000', NULL),
(284, 82, 64, '2022-12-06', '300000', NULL),
(285, 89, 45, '2022-07-06', '000000', NULL),
(286, 46, 81, '2022-05-19', '300000', NULL),
(287, 11, 60, '2023-06-05', '500000', NULL),
(288, 54, 6, '2023-02-12', '700000', NULL),
(289, 5, 36, '2023-05-03', '600000', NULL),
(290, 39, 9, '2022-07-03', '000000', NULL),
(291, 11, 75, '2023-03-20', '300000', NULL),
(292, 21, 16, '2023-02-06', '900000', NULL),
(293, 38, 77, '2023-06-06', '500000', NULL),
(294, 39, 68, '2022-05-25', '900000', NULL),
(295, 98, 1, '2023-02-15', '900000', NULL),
(296, 84, 10, '2022-12-01', '300000', NULL),
(297, 43, 7, '2022-09-09', '300000', NULL),
(298, 98, 94, '2022-05-22', '900000', NULL),
(299, 70, 83, '2022-07-08', '600000', NULL),
(300, 97, 15, '2023-02-24', '300000', NULL),
(301, 49, 21, '2023-02-26', '900000', NULL),
(302, 26, 74, '2023-03-14', '000000', NULL),
(303, 57, 44, '2022-09-06', '500000', NULL),
(304, 10, 98, '2022-09-13', '200000', NULL),
(305, 41, 25, '2023-04-05', '600000', NULL),
(306, 61, 23, '2022-12-23', '800000', NULL),
(307, 38, 46, '2022-12-09', '400000', NULL),
(308, 38, 19, '2023-02-11', '100000', NULL),
(309, 37, 91, '2022-08-05', '400000', NULL),
(310, 8, 18, '2023-06-02', '400000', NULL),
(311, 11, 16, '2022-11-05', '700000', NULL),
(312, 81, 41, '2022-07-31', '000000', NULL),
(313, 40, 67, '2022-10-16', '300000', NULL),
(314, 72, 11, '2022-07-25', '900000', NULL),
(315, 98, 14, '2023-05-27', '200000', NULL),
(316, 14, 57, '2022-12-12', '200000', NULL),
(317, 78, 74, '2023-02-08', '100000', NULL),
(318, 78, 94, '2022-06-22', '500000', NULL),
(319, 50, 70, '2022-12-26', '300000', NULL),
(320, 10, 45, '2022-06-16', '600000', NULL),
(321, 18, 7, '2022-06-09', '000000', NULL),
(322, 44, 39, '2023-03-26', '400000', NULL),
(323, 63, 75, '2022-08-18', '300000', NULL),
(324, 70, 9, '2023-05-25', '200000', NULL),
(325, 86, 74, '2023-02-15', '600000', NULL),
(326, 54, 87, '2022-12-27', '500000', NULL),
(327, 97, 85, '2022-11-12', '200000', NULL),
(328, 40, 3, '2023-06-05', '600000', NULL),
(329, 41, 29, '2022-11-26', '800000', NULL),
(330, 19, 4, '2023-03-02', '900000', NULL),
(331, 77, 2, '2022-09-07', '500000', NULL),
(332, 40, 28, '2023-01-02', '800000', NULL),
(333, 6, 60, '2023-03-22', '400000', NULL),
(334, 91, 65, '2022-12-11', '700000', NULL),
(335, 64, 4, '2023-01-22', '400000', NULL),
(336, 8, 22, '2023-05-29', '600000', NULL),
(337, 87, 89, '2023-05-22', '200000', NULL),
(338, 90, 19, '2023-01-13', '300000', NULL),
(339, 3, 12, '2023-03-11', '800000', NULL),
(340, 43, 45, '2022-07-12', '600000', NULL),
(341, 91, 31, '2022-10-07', '200000', NULL),
(342, 99, 68, '2022-08-20', '800000', NULL),
(343, 77, 71, '2023-03-27', '300000', NULL),
(344, 65, 39, '2022-11-13', '100000', NULL),
(345, 48, 17, '2023-03-05', '200000', NULL),
(346, 75, 84, '2023-05-21', '600000', NULL),
(347, 17, 64, '2022-05-31', '300000', NULL),
(348, 89, 60, '2023-04-07', '900000', NULL),
(349, 71, 73, '2022-10-16', '700000', NULL),
(350, 86, 80, '2022-06-04', '500000', NULL),
(351, 43, 16, '2022-11-11', '800000', NULL),
(352, 54, 10, '2022-08-05', '400000', NULL),
(353, 93, 13, '2022-09-20', '000000', NULL),
(354, 23, 90, '2023-03-09', '800000', NULL),
(355, 23, 11, '2022-06-06', '400000', NULL),
(356, 10, 67, '2022-07-17', '800000', NULL),
(357, 68, 65, '2022-10-03', '400000', NULL),
(358, 3, 6, '2022-12-28', '800000', NULL),
(359, 1, 33, '2023-03-28', '000000', NULL),
(360, 45, 60, '2023-05-25', '600000', NULL),
(361, 21, 60, '2022-05-23', '000000', NULL),
(362, 68, 70, '2022-09-14', '500000', NULL),
(363, 1, 1, '2022-08-03', '900000', NULL),
(364, 11, 36, '2023-01-30', '900000', NULL),
(365, 92, 68, '2023-05-02', '500000', NULL),
(366, 18, 1, '2022-12-17', '600000', NULL),
(367, 60, 74, '2023-04-22', '600000', NULL),
(368, 70, 31, '2022-12-16', '100000', NULL),
(369, 41, 84, '2022-11-28', '600000', NULL),
(370, 46, 50, '2022-09-23', '900000', NULL),
(371, 10, 96, '2023-01-25', '000000', NULL),
(372, 72, 97, '2022-05-26', '700000', NULL),
(373, 73, 3, '2022-12-25', '400000', NULL),
(374, 48, 68, '2022-06-25', '000000', NULL),
(375, 28, 32, '2022-09-24', '600000', NULL),
(376, 88, 74, '2023-06-03', '000000', NULL),
(377, 73, 73, '2023-03-29', '800000', NULL),
(378, 99, 16, '2023-04-08', '100000', NULL),
(379, 90, 89, '2023-05-26', '900000', NULL),
(380, 5, 95, '2022-11-07', '600000', NULL),
(381, 5, 56, '2022-11-12', '400000', NULL),
(382, 36, 6, '2023-05-10', '100000', NULL),
(383, 35, 60, '2022-09-25', '600000', NULL),
(384, 15, 85, '2022-09-26', '800000', NULL),
(385, 94, 92, '2022-05-20', '800000', NULL),
(386, 54, 29, '2022-08-04', '300000', NULL),
(387, 27, 47, '2023-01-20', '700000', NULL),
(388, 31, 13, '2023-04-23', '100000', NULL),
(389, 1, 14, '2022-09-30', '900000', NULL),
(390, 21, 42, '2022-07-30', '400000', NULL),
(391, 99, 50, '2022-08-21', '300000', NULL),
(392, 85, 11, '2022-12-15', '400000', NULL),
(393, 42, 14, '2022-06-08', '900000', NULL),
(394, 49, 75, '2022-11-05', '900000', NULL),
(395, 86, 66, '2022-06-26', '400000', NULL),
(396, 34, 16, '2022-05-20', '800000', NULL),
(397, 85, 20, '2022-06-27', '800000', NULL),
(398, 50, 94, '2022-10-04', '800000', NULL),
(399, 25, 10, '2023-01-20', '800000', NULL),
(400, 98, 11, '2022-05-31', '400000', NULL),
(401, 14, 37, '2023-04-06', '000000', NULL),
(402, 90, 73, '2023-02-19', '500000', NULL),
(403, 21, 59, '2023-02-08', '400000', NULL),
(404, 79, 12, '2023-05-09', '500000', NULL),
(405, 43, 100, '2023-02-11', '900000', NULL),
(406, 59, 26, '2022-08-15', '800000', NULL),
(407, 49, 62, '2023-04-27', '300000', NULL),
(408, 94, 79, '2022-08-29', '800000', NULL),
(409, 52, 30, '2023-01-15', '300000', NULL),
(410, 58, 80, '2022-09-23', '500000', NULL),
(411, 31, 19, '2023-02-27', '700000', NULL),
(412, 19, 75, '2022-08-03', '000000', NULL),
(413, 74, 78, '2022-10-05', '300000', NULL),
(414, 54, 81, '2022-10-22', '800000', NULL),
(415, 4, 67, '2023-04-26', '700000', NULL),
(416, 99, 90, '2022-07-08', '000000', NULL),
(417, 98, 29, '2022-11-13', '500000', NULL),
(418, 32, 55, '2022-11-16', '500000', NULL),
(419, 94, 73, '2023-05-23', '800000', NULL),
(420, 35, 33, '2023-01-09', '500000', NULL),
(421, 78, 4, '2022-10-01', '800000', NULL),
(422, 95, 7, '2022-08-13', '500000', NULL),
(423, 33, 73, '2023-01-08', '300000', NULL),
(424, 40, 74, '2023-01-05', '700000', NULL),
(425, 77, 80, '2022-10-10', '700000', NULL),
(426, 53, 97, '2022-07-19', '400000', NULL),
(427, 94, 17, '2023-04-11', '000000', NULL),
(428, 37, 93, '2023-02-19', '900000', NULL),
(429, 43, 17, '2022-05-21', '500000', NULL),
(430, 13, 79, '2023-03-08', '200000', NULL),
(431, 94, 5, '2023-05-19', '700000', NULL),
(432, 55, 93, '2023-05-14', '900000', NULL),
(433, 46, 3, '2022-10-24', '500000', NULL),
(434, 9, 43, '2023-05-11', '800000', NULL),
(435, 56, 32, '2022-10-29', '300000', NULL),
(436, 42, 55, '2022-12-01', '900000', NULL),
(437, 62, 16, '2022-12-05', '500000', NULL),
(438, 44, 40, '2023-01-04', '500000', NULL),
(439, 71, 38, '2022-11-10', '000000', NULL),
(440, 36, 56, '2022-11-09', '700000', NULL),
(441, 46, 45, '2022-09-19', '500000', NULL),
(442, 61, 34, '2022-08-31', '300000', NULL),
(443, 65, 4, '2023-05-13', '000000', NULL),
(444, 99, 91, '2022-11-07', '000000', NULL),
(445, 75, 72, '2022-09-14', '900000', NULL),
(446, 53, 86, '2022-09-29', '000000', NULL),
(447, 85, 28, '2022-06-26', '500000', NULL),
(448, 10, 26, '2022-10-11', '300000', NULL),
(449, 63, 12, '2023-02-15', '000000', NULL),
(450, 14, 97, '2023-02-28', '900000', NULL),
(451, 36, 51, '2022-07-01', '300000', NULL),
(452, 46, 48, '2022-08-21', '200000', NULL),
(453, 10, 8, '2023-02-06', '500000', NULL),
(454, 85, 11, '2023-01-23', '100000', NULL),
(455, 95, 68, '2022-05-27', '900000', NULL),
(456, 100, 99, '2022-11-15', '000000', NULL),
(457, 84, 80, '2023-03-09', '800000', NULL),
(458, 83, 97, '2023-04-13', '400000', NULL),
(459, 9, 35, '2022-10-07', '600000', NULL),
(460, 57, 12, '2022-05-19', '100000', NULL),
(461, 82, 31, '2022-10-15', '800000', NULL),
(462, 19, 12, '2023-02-21', '500000', NULL),
(463, 85, 81, '2023-01-09', '800000', NULL),
(464, 64, 98, '2022-08-14', '200000', NULL),
(465, 79, 74, '2022-08-20', '500000', NULL),
(466, 39, 78, '2022-10-02', '100000', NULL),
(467, 98, 7, '2023-03-26', '600000', NULL),
(468, 9, 69, '2022-11-12', '500000', NULL),
(469, 88, 44, '2022-10-24', '800000', NULL),
(470, 59, 9, '2022-09-14', '200000', NULL),
(471, 49, 90, '2022-05-31', '900000', NULL),
(472, 30, 28, '2022-08-05', '700000', NULL),
(473, 21, 43, '2023-04-08', '700000', NULL),
(474, 100, 51, '2022-12-22', '500000', NULL),
(475, 76, 46, '2023-04-06', '400000', NULL),
(476, 9, 62, '2022-08-11', '300000', NULL),
(477, 32, 42, '2023-03-10', '100000', NULL),
(478, 16, 57, '2023-04-10', '900000', NULL),
(479, 59, 100, '2023-03-05', '100000', NULL),
(480, 1, 76, '2022-10-04', '000000', NULL),
(481, 16, 79, '2022-12-15', '200000', NULL),
(482, 84, 62, '2023-01-03', '700000', NULL),
(483, 27, 56, '2022-10-28', '700000', NULL),
(484, 4, 31, '2022-10-05', '600000', NULL),
(485, 86, 31, '2023-01-22', '500000', NULL),
(486, 71, 27, '2023-01-02', '600000', NULL),
(487, 94, 57, '2023-04-22', '600000', NULL),
(488, 51, 88, '2023-06-04', '000000', NULL),
(489, 81, 70, '2022-05-30', '700000', NULL),
(490, 29, 9, '2022-08-28', '000000', NULL),
(491, 34, 88, '2023-02-10', '500000', NULL),
(492, 85, 11, '2022-07-18', '600000', NULL),
(493, 50, 25, '2022-07-19', '200000', NULL),
(494, 5, 86, '2022-10-10', '300000', NULL),
(495, 70, 97, '2022-05-22', '000000', NULL),
(496, 90, 83, '2022-06-07', '000000', NULL),
(497, 45, 46, '2022-11-18', '200000', NULL),
(498, 14, 21, '2022-09-07', '500000', NULL),
(499, 90, 22, '2022-05-23', '300000', NULL),
(500, 100, 100, '2022-10-05', '000000', NULL),
(501, 22, 4, '2022-10-20', '700000', NULL),
(502, 78, 12, '2023-05-24', '500000', NULL),
(503, 37, 98, '2022-06-21', '300000', NULL),
(504, 47, 60, '2022-07-20', '300000', NULL),
(505, 8, 87, '2023-03-07', '300000', NULL),
(506, 71, 55, '2022-05-23', '500000', NULL),
(507, 22, 63, '2023-02-19', '200000', NULL),
(508, 25, 97, '2023-04-05', '200000', NULL),
(509, 14, 35, '2022-07-12', '500000', NULL),
(510, 94, 56, '2022-11-24', '500000', NULL),
(511, 90, 97, '2022-05-22', '900000', NULL),
(512, 97, 55, '2023-04-13', '100000', NULL),
(513, 31, 24, '2022-09-22', '700000', NULL),
(514, 73, 84, '2022-08-18', '100000', NULL),
(515, 67, 39, '2022-09-18', '800000', NULL),
(516, 77, 86, '2022-09-13', '600000', NULL),
(517, 75, 15, '2023-05-31', '500000', NULL),
(518, 52, 68, '2022-07-10', '000000', NULL),
(519, 82, 9, '2022-10-23', '400000', NULL),
(520, 35, 78, '2022-08-14', '000000', NULL),
(521, 65, 96, '2023-04-29', '700000', NULL),
(522, 75, 72, '2023-02-13', '900000', NULL),
(523, 45, 90, '2022-05-19', '400000', NULL),
(524, 2, 74, '2022-08-13', '700000', NULL),
(525, 68, 46, '2023-03-25', '200000', NULL),
(526, 96, 80, '2022-07-31', '800000', NULL),
(527, 16, 13, '2023-05-18', '900000', NULL),
(528, 50, 48, '2023-03-29', '700000', NULL),
(529, 78, 92, '2023-04-01', '900000', NULL),
(530, 68, 51, '2023-01-26', '400000', NULL),
(531, 84, 100, '2022-11-28', '100000', NULL),
(532, 6, 81, '2023-03-22', '000000', NULL),
(533, 87, 75, '2022-07-31', '400000', NULL),
(534, 86, 2, '2022-10-15', '400000', NULL),
(535, 89, 97, '2023-05-07', '500000', NULL),
(536, 74, 12, '2022-06-26', '800000', NULL),
(537, 18, 88, '2023-05-10', '900000', NULL),
(538, 76, 95, '2023-05-14', '700000', NULL),
(539, 36, 10, '2022-09-14', '600000', NULL),
(540, 15, 18, '2023-03-24', '400000', NULL),
(541, 62, 57, '2022-11-17', '000000', NULL),
(542, 63, 62, '2022-12-13', '800000', NULL),
(543, 29, 84, '2023-05-09', '300000', NULL),
(544, 40, 72, '2023-04-13', '900000', NULL),
(545, 98, 11, '2022-08-16', '300000', NULL),
(546, 71, 53, '2022-06-02', '800000', NULL),
(547, 30, 59, '2022-10-21', '000000', NULL),
(548, 3, 94, '2022-09-16', '900000', NULL),
(549, 35, 40, '2022-09-10', '900000', NULL),
(550, 27, 40, '2022-08-15', '000000', NULL),
(551, 70, 88, '2022-06-17', '700000', NULL),
(552, 16, 13, '2023-05-05', '500000', NULL),
(553, 71, 6, '2022-09-17', '000000', NULL),
(554, 65, 85, '2023-02-12', '800000', NULL),
(555, 94, 13, '2022-09-18', '400000', NULL),
(556, 26, 28, '2022-12-07', '400000', NULL),
(557, 77, 60, '2023-05-27', '000000', NULL),
(558, 54, 59, '2022-11-09', '800000', NULL),
(559, 66, 32, '2022-08-27', '600000', NULL),
(560, 29, 45, '2023-06-05', '300000', NULL),
(561, 45, 72, '2022-09-18', '800000', NULL),
(562, 21, 86, '2023-02-09', '200000', NULL),
(563, 56, 90, '2022-09-15', '000000', NULL),
(564, 90, 18, '2022-09-16', '800000', NULL),
(565, 37, 3, '2023-02-21', '700000', NULL),
(566, 45, 98, '2022-09-26', '400000', NULL),
(567, 63, 98, '2022-07-04', '300000', NULL),
(568, 17, 17, '2022-11-20', '000000', NULL),
(569, 1, 9, '2022-06-18', '700000', NULL),
(570, 25, 68, '2023-03-20', '900000', NULL),
(571, 1, 11, '2022-05-25', '400000', NULL),
(572, 96, 14, '2023-04-29', '400000', NULL),
(573, 52, 86, '2023-02-21', '400000', NULL),
(574, 37, 9, '2022-08-03', '100000', NULL),
(575, 69, 97, '2022-10-21', '400000', NULL),
(576, 11, 98, '2022-11-19', '300000', NULL),
(577, 36, 28, '2023-05-19', '600000', NULL),
(578, 33, 30, '2023-03-26', '800000', NULL),
(579, 49, 14, '2022-08-08', '000000', NULL),
(580, 25, 40, '2023-02-17', '800000', NULL),
(581, 69, 20, '2023-01-04', '900000', NULL),
(582, 39, 14, '2022-06-10', '800000', NULL),
(583, 37, 6, '2022-08-11', '000000', NULL),
(584, 42, 35, '2022-06-03', '800000', NULL),
(585, 9, 93, '2022-10-17', '300000', NULL),
(586, 36, 61, '2022-11-11', '300000', NULL),
(587, 64, 26, '2022-07-05', '400000', NULL),
(588, 25, 8, '2023-04-22', '100000', NULL),
(589, 57, 94, '2022-08-18', '800000', NULL),
(590, 47, 7, '2022-07-13', '700000', NULL),
(591, 14, 96, '2022-12-23', '100000', NULL),
(592, 81, 62, '2022-07-31', '900000', NULL),
(593, 94, 3, '2022-10-11', '000000', NULL),
(594, 6, 8, '2023-05-06', '400000', NULL),
(595, 95, 24, '2022-08-13', '900000', NULL),
(596, 66, 66, '2023-05-01', '600000', NULL),
(597, 65, 73, '2022-05-22', '200000', NULL),
(598, 11, 24, '2022-12-07', '300000', NULL),
(599, 82, 52, '2023-03-16', '900000', NULL),
(600, 48, 24, '2023-01-24', '000000', NULL),
(601, 31, 85, '2023-05-12', '300000', NULL),
(602, 4, 84, '2023-01-09', '600000', NULL),
(603, 92, 50, '2022-11-04', '900000', NULL),
(604, 86, 72, '2022-08-30', '900000', NULL),
(605, 18, 12, '2023-02-24', '600000', NULL),
(606, 86, 30, '2023-04-19', '000000', NULL),
(607, 95, 2, '2022-10-09', '000000', NULL),
(608, 83, 97, '2022-09-29', '700000', NULL),
(609, 16, 91, '2022-12-15', '900000', NULL),
(610, 26, 16, '2022-07-10', '400000', NULL),
(611, 14, 11, '2022-08-09', '600000', NULL),
(612, 83, 88, '2022-11-14', '000000', NULL),
(613, 77, 80, '2022-09-02', '100000', NULL),
(614, 100, 83, '2022-12-18', '000000', NULL),
(615, 45, 21, '2022-05-27', '600000', NULL),
(616, 85, 9, '2023-06-04', '200000', NULL),
(617, 60, 76, '2022-10-03', '700000', NULL),
(618, 53, 3, '2023-05-22', '700000', NULL),
(619, 17, 57, '2023-05-09', '200000', NULL),
(620, 17, 75, '2023-01-25', '300000', NULL),
(621, 90, 79, '2023-04-14', '100000', NULL),
(622, 100, 78, '2022-11-29', '300000', NULL),
(623, 80, 14, '2022-08-06', '200000', NULL),
(624, 98, 18, '2023-03-18', '000000', NULL),
(625, 82, 27, '2022-05-22', '700000', NULL),
(626, 100, 91, '2022-10-18', '700000', NULL),
(627, 100, 34, '2022-06-18', '700000', NULL),
(628, 94, 18, '2022-09-06', '500000', NULL),
(629, 31, 2, '2023-04-16', '800000', NULL),
(630, 95, 3, '2022-10-29', '000000', NULL),
(631, 27, 61, '2022-09-22', '500000', NULL),
(632, 12, 66, '2023-04-11', '100000', NULL),
(633, 6, 70, '2022-09-24', '700000', NULL),
(634, 16, 12, '2022-10-20', '200000', NULL),
(635, 90, 22, '2022-07-20', '000000', NULL),
(636, 46, 41, '2022-09-08', '000000', NULL),
(637, 100, 75, '2023-03-11', '600000', NULL),
(638, 3, 78, '2023-05-08', '400000', NULL),
(639, 11, 24, '2023-05-07', '000000', NULL),
(640, 86, 81, '2022-12-29', '800000', NULL),
(641, 50, 80, '2022-06-23', '200000', NULL),
(642, 86, 27, '2023-03-17', '000000', NULL),
(643, 91, 33, '2023-01-01', '400000', NULL),
(644, 51, 57, '2022-09-20', '300000', NULL),
(645, 75, 66, '2023-02-21', '800000', NULL),
(646, 10, 68, '2023-05-30', '500000', NULL),
(647, 88, 10, '2023-05-08', '900000', NULL),
(648, 17, 92, '2022-11-17', '500000', NULL),
(649, 77, 46, '2022-11-07', '600000', NULL),
(650, 45, 45, '2022-08-12', '200000', NULL),
(651, 43, 81, '2022-07-03', '200000', NULL),
(652, 22, 25, '2023-05-23', '000000', NULL),
(653, 42, 54, '2022-08-19', '600000', NULL),
(654, 17, 18, '2023-05-14', '500000', NULL),
(655, 6, 4, '2022-06-19', '400000', NULL),
(656, 53, 48, '2023-05-25', '400000', NULL),
(657, 73, 91, '2022-10-20', '600000', NULL),
(658, 88, 93, '2023-04-03', '000000', NULL),
(659, 29, 44, '2023-04-18', '900000', NULL),
(660, 9, 47, '2022-12-18', '400000', NULL),
(661, 91, 14, '2022-09-14', '500000', NULL),
(662, 26, 89, '2023-02-23', '500000', NULL),
(663, 72, 88, '2022-09-09', '400000', NULL),
(664, 64, 7, '2022-07-11', '600000', NULL),
(665, 28, 68, '2022-11-06', '900000', NULL),
(666, 85, 70, '2023-02-07', '600000', NULL),
(667, 13, 37, '2022-08-28', '500000', NULL),
(668, 66, 85, '2023-05-28', '200000', NULL),
(669, 19, 46, '2023-03-04', '900000', NULL),
(670, 32, 50, '2023-03-05', '800000', NULL),
(671, 23, 34, '2022-07-09', '400000', NULL),
(672, 1, 92, '2022-06-19', '900000', NULL),
(673, 39, 10, '2022-08-16', '100000', NULL),
(674, 15, 48, '2022-10-13', '800000', NULL),
(675, 30, 45, '2022-08-24', '800000', NULL),
(676, 10, 96, '2023-05-20', '300000', NULL),
(677, 13, 53, '2023-05-04', '700000', NULL),
(678, 38, 54, '2023-02-20', '200000', NULL),
(679, 49, 67, '2023-01-13', '300000', NULL),
(680, 44, 98, '2023-05-26', '000000', NULL),
(681, 2, 52, '2023-06-05', '100000', NULL),
(682, 42, 62, '2023-03-23', '100000', NULL),
(683, 69, 86, '2023-05-08', '500000', NULL),
(684, 71, 85, '2022-10-01', '600000', NULL),
(685, 56, 83, '2023-04-24', '000000', NULL),
(686, 69, 44, '2022-08-30', '100000', NULL),
(687, 96, 29, '2023-01-18', '300000', NULL),
(688, 90, 14, '2023-01-30', '700000', NULL),
(689, 76, 33, '2022-07-16', '400000', NULL),
(690, 72, 56, '2022-08-25', '500000', NULL),
(691, 64, 11, '2023-04-29', '400000', NULL),
(692, 44, 50, '2023-02-18', '800000', NULL),
(693, 66, 91, '2023-03-21', '800000', NULL),
(694, 28, 88, '2022-05-28', '000000', NULL),
(695, 59, 40, '2022-07-03', '200000', NULL),
(696, 7, 33, '2023-02-18', '300000', NULL),
(697, 12, 71, '2022-12-23', '300000', NULL),
(698, 64, 83, '2022-09-03', '500000', NULL),
(699, 35, 45, '2023-06-02', '100000', NULL),
(700, 34, 32, '2023-01-30', '600000', NULL),
(701, 11, 41, '2022-10-03', '900000', NULL),
(702, 45, 6, '2023-02-06', '500000', NULL),
(703, 47, 40, '2022-07-03', '500000', NULL),
(704, 74, 79, '2022-05-31', '000000', NULL),
(705, 92, 30, '2022-11-07', '500000', NULL),
(706, 86, 50, '2022-06-02', '000000', NULL),
(707, 80, 46, '2022-06-21', '200000', NULL),
(708, 21, 76, '2023-06-07', '300000', NULL),
(709, 32, 36, '2023-01-25', '800000', NULL),
(710, 78, 65, '2023-01-07', '300000', NULL),
(711, 42, 59, '2022-05-24', '500000', NULL),
(712, 93, 74, '2023-04-30', '400000', NULL),
(713, 84, 27, '2022-07-31', '200000', NULL),
(714, 28, 4, '2023-06-08', '000000', NULL),
(715, 32, 100, '2023-01-21', '000000', NULL),
(716, 95, 45, '2022-07-02', '600000', NULL),
(717, 50, 24, '2022-12-22', '400000', NULL),
(718, 22, 13, '2023-03-19', '000000', NULL),
(719, 98, 2, '2023-04-03', '100000', NULL),
(720, 17, 36, '2022-09-22', '700000', NULL),
(721, 53, 22, '2022-09-05', '500000', NULL),
(722, 83, 69, '2023-03-18', '800000', NULL),
(723, 41, 20, '2022-10-15', '000000', NULL),
(724, 37, 35, '2022-06-21', '800000', NULL),
(725, 36, 76, '2023-02-20', '200000', NULL),
(726, 85, 25, '2023-02-14', '600000', NULL),
(727, 34, 86, '2022-06-05', '500000', NULL),
(728, 38, 81, '2023-02-06', '600000', NULL),
(729, 36, 93, '2022-11-02', '700000', NULL),
(730, 6, 81, '2022-08-10', '100000', NULL),
(731, 7, 86, '2023-05-26', '700000', NULL),
(732, 57, 97, '2022-05-24', '600000', NULL),
(733, 1, 96, '2023-04-30', '600000', NULL),
(734, 48, 27, '2023-04-10', '000000', NULL),
(735, 34, 36, '2022-07-09', '700000', NULL),
(736, 75, 64, '2022-06-14', '000000', NULL),
(737, 45, 99, '2023-05-12', '000000', NULL),
(738, 23, 23, '2022-12-06', '300000', NULL),
(739, 99, 5, '2022-08-06', '400000', NULL),
(740, 21, 7, '2022-09-03', '100000', NULL),
(741, 47, 7, '2023-03-04', '000000', NULL),
(742, 85, 80, '2022-08-22', '800000', NULL),
(743, 74, 74, '2023-05-09', '800000', NULL),
(744, 66, 53, '2022-12-08', '600000', NULL),
(745, 41, 25, '2022-07-26', '000000', NULL),
(746, 82, 6, '2022-11-29', '300000', NULL),
(747, 71, 11, '2022-07-17', '800000', NULL),
(748, 11, 40, '2023-02-28', '600000', NULL),
(749, 9, 12, '2023-04-07', '600000', NULL),
(750, 92, 94, '2022-09-27', '800000', NULL),
(751, 32, 7, '2023-03-10', '500000', NULL),
(752, 15, 7, '2023-02-23', '500000', NULL),
(753, 43, 98, '2022-05-22', '300000', NULL),
(754, 57, 4, '2022-05-29', '500000', NULL),
(755, 74, 4, '2022-07-24', '700000', NULL),
(756, 16, 14, '2023-01-05', '800000', NULL),
(757, 87, 15, '2022-06-15', '300000', NULL),
(758, 100, 69, '2022-10-26', '800000', NULL),
(759, 95, 59, '2023-03-19', '000000', NULL),
(760, 70, 65, '2022-09-02', '400000', NULL),
(761, 92, 51, '2022-10-02', '900000', NULL),
(762, 3, 2, '2022-10-11', '800000', NULL),
(763, 49, 55, '2022-09-24', '100000', NULL),
(764, 64, 27, '2023-02-11', '800000', NULL),
(765, 1, 21, '2023-06-01', '700000', NULL),
(766, 16, 60, '2022-08-31', '200000', NULL),
(767, 17, 40, '2023-03-20', '900000', NULL),
(768, 44, 63, '2022-08-17', '900000', NULL),
(769, 37, 25, '2022-12-08', '500000', NULL),
(770, 77, 24, '2023-03-23', '100000', NULL),
(771, 87, 21, '2022-08-13', '200000', NULL),
(772, 71, 90, '2022-11-09', '300000', NULL),
(773, 67, 15, '2023-05-03', '500000', NULL),
(774, 62, 84, '2022-10-13', '900000', NULL),
(775, 67, 31, '2022-08-11', '400000', NULL),
(776, 68, 90, '2022-09-08', '600000', NULL),
(777, 63, 55, '2023-06-08', '100000', NULL),
(778, 56, 72, '2022-10-28', '400000', NULL),
(779, 70, 32, '2023-05-20', '200000', NULL),
(780, 2, 56, '2023-05-28', '200000', NULL),
(781, 38, 33, '2022-05-31', '900000', NULL),
(782, 8, 37, '2022-11-17', '500000', NULL),
(783, 27, 18, '2022-06-12', '700000', NULL),
(784, 70, 76, '2022-11-09', '500000', NULL),
(785, 12, 98, '2023-06-05', '000000', NULL),
(786, 82, 77, '2022-07-03', '700000', NULL),
(787, 4, 41, '2023-05-01', '600000', NULL),
(788, 76, 6, '2023-01-03', '100000', NULL),
(789, 10, 100, '2022-07-23', '100000', NULL),
(790, 46, 32, '2022-06-18', '400000', NULL),
(791, 55, 31, '2022-12-08', '300000', NULL),
(792, 83, 8, '2023-03-06', '800000', NULL),
(793, 79, 57, '2023-02-28', '000000', NULL),
(794, 87, 43, '2022-12-28', '500000', NULL),
(795, 39, 54, '2022-12-04', '300000', NULL),
(796, 5, 36, '2022-09-14', '500000', NULL),
(797, 72, 14, '2022-11-16', '900000', NULL),
(798, 51, 7, '2023-02-23', '900000', NULL),
(799, 92, 60, '2023-02-12', '000000', NULL),
(800, 49, 14, '2022-07-09', '600000', NULL),
(801, 5, 1, '2023-06-11', '50000', 'DANA'),
(802, 5, 1, '2023-06-11', '50000', 'DANA'),
(803, 5, 3, '2023-06-11', '100000', 'GoPay'),
(804, 5, 99, '2023-06-11', '100000', 'DANA'),
(805, 5, 99, '2023-06-11', '100000', 'Jago'),
(806, 5, 100, '2023-06-11', '100000', 'GoPay'),
(807, 5, 100, '2023-06-11', '100000', 'GoPay'),
(808, 5, 99, '2023-06-11', '10000', 'GoPay'),
(809, 5, 99, '2023-06-11', '100000', 'Jago'),
(810, 5, 99, '2023-06-11', '50000', 'GoPay'),
(811, 5, 52, '2023-06-11', '50000', 'DANA'),
(812, 5, 52, '2023-06-11', '50000', 'DANA'),
(813, 5, 99, '2023-06-11', '100000', 'GoPay'),
(814, 2, 52, '2023-06-11', '75000', ''),
(815, 2, 84, '2023-06-11', '100000', ''),
(816, 1, 1, '2023-06-12', '75000', 'GoPay'),
(817, 1, 106, '2023-06-12', '100000', 'GoPay'),
(818, 1, 106, '2023-06-12', '100000', 'GoPay'),
(819, 1, 106, '2023-06-12', '100000', 'GoPay'),
(820, 1, 3, '2023-06-12', '123123', 'GoPay'),
(821, 2, 105, '2023-06-12', '100000', ''),
(822, 2, 105, '2023-06-12', '100000', ''),
(823, 502, 105, '2023-06-12', '150000', 'OVO'),
(824, 502, 105, '2023-06-12', '50000', 'BCA'),
(825, 2, 105, '2023-06-12', '100000', ''),
(826, 2, 105, '2023-06-12', '100000', ''),
(827, 3, 108, '2023-06-12', '100000', 'Jago'),
(828, 2, 108, '2023-06-12', '100000', '');

--
-- Indexes for dumped tables
--

--
-- Indexes for table `accounts`
--
ALTER TABLE `accounts`
  ADD PRIMARY KEY (`account_id`);

--
-- Indexes for table `campaigns`
--
ALTER TABLE `campaigns`
  ADD PRIMARY KEY (`campaign_id`),
  ADD KEY `campaign_creator` (`campaign_creator`);

--
-- Indexes for table `donations`
--
ALTER TABLE `donations`
  ADD PRIMARY KEY (`donation_id`),
  ADD KEY `donation_campaign` (`donation_campaign`),
  ADD KEY `donation_account` (`donation_account`);

--
-- AUTO_INCREMENT for dumped tables
--

--
-- AUTO_INCREMENT for table `accounts`
--
ALTER TABLE `accounts`
  MODIFY `account_id` int(11) NOT NULL AUTO_INCREMENT, AUTO_INCREMENT=503;

--
-- AUTO_INCREMENT for table `campaigns`
--
ALTER TABLE `campaigns`
  MODIFY `campaign_id` int(11) NOT NULL AUTO_INCREMENT, AUTO_INCREMENT=109;

--
-- AUTO_INCREMENT for table `donations`
--
ALTER TABLE `donations`
  MODIFY `donation_id` int(11) NOT NULL AUTO_INCREMENT, AUTO_INCREMENT=829;

--
-- Constraints for dumped tables
--

--
-- Constraints for table `campaigns`
--
ALTER TABLE `campaigns`
  ADD CONSTRAINT `campaigns_ibfk_1` FOREIGN KEY (`campaign_creator`) REFERENCES `accounts` (`account_id`) ON DELETE CASCADE ON UPDATE CASCADE;

--
-- Constraints for table `donations`
--
ALTER TABLE `donations`
  ADD CONSTRAINT `donations_ibfk_1` FOREIGN KEY (`donation_account`) REFERENCES `accounts` (`account_id`) ON DELETE NO ACTION ON UPDATE CASCADE,
  ADD CONSTRAINT `donations_ibfk_2` FOREIGN KEY (`donation_campaign`) REFERENCES `campaigns` (`campaign_id`) ON DELETE SET NULL ON UPDATE CASCADE;
COMMIT;

/*!40101 SET CHARACTER_SET_CLIENT=@OLD_CHARACTER_SET_CLIENT */;
/*!40101 SET CHARACTER_SET_RESULTS=@OLD_CHARACTER_SET_RESULTS */;
/*!40101 SET COLLATION_CONNECTION=@OLD_COLLATION_CONNECTION */;
